market,week_index,week_start,sessions,fragrance_orders,fragrance_revenue,conversion_rate,average_order_value,revenue_per_session,paid_media_index,promo_intensity,new_visitor_share,pilot_market,post_launch,digital_feature_available,weeks_from_launch
Australia,0,2025-01-06,69314,1870,147050.31,0.026978676746400438,78.64,2.1215,96.81,0.2081,0.3308,0,0,0,-65
Australia,1,2025-01-13,71010,2011,159108.26,0.028319954935924516,79.12,2.2406,100.78,0.2142,0.387,0,0,0,-64
Australia,2,2025-01-20,71268,1954,150249.86,0.02741763484312735,76.89,2.1082,89.21,0.2005,0.3705,0,0,0,-63
Australia,3,2025-01-27,67993,1632,128219.61,0.024002470842586738,78.57,1.8858,104.77,0.2123,0.3519,0,0,0,-62
Australia,4,2025-02-03,68280,1952,161268.21,0.028588166373755126,82.62,2.3619,101.49,0.1982,0.3558,0,0,0,-61
Australia,5,2025-02-10,68817,1847,146175.75,0.026839298429167213,79.14,2.1241,110.41,0.2243,0.3735,0,0,0,-60
Australia,6,2025-02-17,68027,1800,152607.81,0.026460082026254283,84.78,2.2433,107.7,0.1972,0.3566,0,0,0,-59
Australia,7,2025-02-24,68675,1749,142637.84,0.025467783036039315,81.55,2.077,101.65,0.2,0.3825,0,0,0,-58
Australia,8,2025-03-03,68610,1746,137438.21,0.02544818539571491,78.72,2.0032,99.87,0.2162,0.3602,0,0,0,-57
Australia,9,2025-03-10,68177,1526,116818.79,0.02238291505933086,76.55,1.7135,94.04,0.2017,0.3735,0,0,0,-56
Australia,10,2025-03-17,66388,1696,137090.81,0.025546785563656083,80.83,2.065,95.77,0.2536,0.3842,0,0,0,-55
Australia,11,2025-03-24,63795,1668,130663.84,0.02614624970608982,78.34,2.0482,103.24,0.2165,0.3704,0,0,0,-54
Australia,12,2025-03-31,69051,1692,136602.65,0.024503627753399662,80.73,1.9783,105.98,0.2324,0.3874,0,0,0,-53
Australia,13,2025-04-07,69608,1630,123807.04,0.023416848638087576,75.96,1.7786,107.14,0.1967,0.3811,0,0,0,-52
Australia,14,2025-04-14,66377,1601,132492.2,0.024119800533317262,82.76,1.9961,105.4,0.2191,0.3774,0,0,0,-51
Australia,15,2025-04-21,68864,1628,126523.36,0.023640799256505578,77.72,1.8373,103.89,0.2218,0.3904,0,0,0,-50
Australia,16,2025-04-28,67877,1905,143392.39,0.028065471367326192,75.27,2.1125,100.18,0.2405,0.3673,0,0,0,-49
Australia,17,2025-05-05,65273,1634,135794.78,0.025033321587792808,83.11,2.0804,104.28,0.2066,0.3565,0,0,0,-48
Australia,18,2025-05-12,67745,1811,143652.94,0.02673260019189608,79.32,2.1205,103.86,0.1948,0.3691,0,0,0,-47
Australia,19,2025-05-19,63097,1685,138195.52,0.0267049146552134,82.02,2.1902,102.76,0.2169,0.3406,0,0,0,-46
Australia,20,2025-05-26,64682,1688,134191.1,0.026096904857611083,79.5,2.0746,98.04,0.2095,0.3463,0,0,0,-45
Australia,21,2025-06-02,67592,1626,136079.38,0.02405610131376494,83.69,2.0132,101.32,0.2103,0.3677,0,0,0,-44
Australia,22,2025-06-09,69014,1628,134871.26,0.023589416640102008,82.84,1.9543,93.25,0.2198,0.3883,0,0,0,-43
Australia,23,2025-06-16,67050,1690,135613.5,0.025205070842654734,80.24,2.0226,100.07,0.2162,0.3882,0,0,0,-42
Australia,24,2025-06-23,66093,1772,139756.67,0.02681070612621609,78.87,2.1145,99.66,0.2211,0.3515,0,0,0,-41
Australia,25,2025-06-30,68314,1814,143939.92,0.02655385426120561,79.35,2.107,99.07,0.2316,0.3649,0,0,0,-40
Australia,26,2025-07-07,68726,1854,149737.5,0.026976690044524635,80.76,2.1788,94.76,0.2091,0.3533,0,0,0,-39
Australia,27,2025-07-14,73445,1921,151918.87,0.026155626659404997,79.08,2.0685,96.04,0.1876,0.3622,0,0,0,-38
Australia,28,2025-07-21,71087,1777,143348.2,0.024997538227805365,80.67,2.0165,96.43,0.1771,0.3844,0,0,0,-37
Australia,29,2025-07-28,72584,1893,150717.45,0.02608012785186818,79.62,2.0765,104.01,0.1838,0.3427,0,0,0,-36
Australia,30,2025-08-04,67950,1834,156566.61,0.026990434142752023,85.37,2.3041,87.46,0.1456,0.3439,0,0,0,-35
Australia,31,2025-08-11,69413,1942,166736.81,0.027977468197599872,85.86,2.4021,89.38,0.2028,0.3585,0,0,0,-34
Australia,32,2025-08-18,69354,1796,150155.09,0.02589612711595582,83.61,2.1651,83.82,0.1834,0.3438,0,0,0,-33
Australia,33,2025-08-25,73614,1972,162357.73,0.026788382644605646,82.33,2.2055,89.72,0.1758,0.3414,0,0,0,-32
Australia,34,2025-09-01,68089,1734,146990.98,0.025466668624888014,84.77,2.1588,95.73,0.1623,0.3365,0,0,0,-31
Australia,35,2025-09-08,70947,1864,151129.29,0.026273133465826604,81.08,2.1302,88.97,0.1889,0.3616,0,0,0,-30
Australia,36,2025-09-15,73105,2089,182789.28,0.0285753368442651,87.5,2.5004,86.62,0.1747,0.3269,0,0,0,-29
Australia,37,2025-09-22,71090,1998,169917.17,0.02810521873681249,85.04,2.3902,90.15,0.1743,0.3402,0,0,0,-28
Australia,38,2025-09-29,74427,2073,178297.32,0.02785279535652384,86.01,2.3956,86.14,0.1846,0.3213,0,0,0,-27
Australia,39,2025-10-06,70385,1988,167625.42,0.028244654400795623,84.32,2.3816,90.76,0.1842,0.3585,0,0,0,-26
Australia,40,2025-10-13,70551,1829,150412.84,0.02592450851157319,82.24,2.132,88.56,0.1852,0.3392,0,0,0,-25
Australia,41,2025-10-20,73929,2073,181146.54,0.02804041715700199,87.38,2.4503,96.3,0.1829,0.3528,0,0,0,-24
Australia,42,2025-10-27,72612,2056,174936.35,0.028314879083347105,85.09,2.4092,96.65,0.1814,0.3397,0,0,0,-23
Australia,43,2025-11-03,68636,1769,147696.69,0.025773646482895273,83.49,2.1519,90.91,0.1908,0.3373,0,0,0,-22
Australia,44,2025-11-10,74513,1952,163913.54,0.02619677103324252,83.97,2.1998,99.98,0.1996,0.3643,0,0,0,-21
Australia,45,2025-11-17,66876,1777,148000.62,0.026571565285005084,83.29,2.2131,96.48,0.2131,0.3487,0,0,0,-20
Australia,46,2025-11-24,71151,2049,164089.22,0.02879790867310368,80.08,2.3062,108.9,0.2619,0.3608,0,0,0,-19
Australia,47,2025-12-01,72602,2124,176100.91,0.029255392413432137,82.91,2.4256,104.37,0.2352,0.3449,0,0,0,-18
Australia,48,2025-12-08,69269,1970,170381.21,0.028439850438146935,86.49,2.4597,104.89,0.1989,0.3338,0,0,0,-17
Australia,49,2025-12-15,71557,1916,162449.73,0.026775857009097643,84.79,2.2702,99.32,0.2438,0.3419,0,0,0,-16
Australia,50,2025-12-22,69783,1718,142453.76,0.024619176590287034,82.92,2.0414,101.29,0.1978,0.3611,0,0,0,-15
Australia,51,2025-12-29,70202,1999,171916.72,0.028474972223013588,86.0,2.4489,99.31,0.2469,0.3515,0,0,0,-14
Australia,52,2026-01-05,71277,1844,152439.8,0.025870898045652877,82.67,2.1387,92.1,0.2008,0.3515,0,0,0,-13
Australia,53,2026-01-12,69863,1635,128292.61,0.023402945765283484,78.47,1.8363,99.3,0.202,0.3577,0,0,0,-12
Australia,54,2026-01-19,68648,1656,138594.13,0.024123062580118867,83.69,2.0189,98.87,0.2133,0.3432,0,0,0,-11
Australia,55,2026-01-26,68974,1756,147717.72,0.025458868559167222,84.12,2.1416,96.27,0.2083,0.377,0,0,0,-10
Australia,56,2026-02-02,69845,1665,141912.3,0.023838499534683942,85.23,2.0318,102.58,0.2017,0.3399,0,0,0,-9
Australia,57,2026-02-09,62892,1529,125556.68,0.02431151815811232,82.12,1.9964,107.91,0.2108,0.3489,0,0,0,-8
Australia,58,2026-02-16,67045,1683,130801.28,0.0251025430680886,77.72,1.9509,102.51,0.2337,0.3506,0,0,0,-7
Australia,59,2026-02-23,64269,1478,121642.6,0.022997090354603306,82.3,1.8927,103.61,0.2065,0.3723,0,0,0,-6
Australia,60,2026-03-02,66050,1512,128814.2,0.022891748675246026,85.19,1.9503,100.09,0.2393,0.3712,0,0,0,-5
Australia,61,2026-03-09,65869,1734,132049.08,0.026324978366150997,76.15,2.0047,104.43,0.2037,0.3721,0,0,0,-4
Australia,62,2026-03-16,62983,1529,122573.29,0.02427639204229713,80.17,1.9461,94.85,0.2292,0.3909,0,0,0,-3
Australia,63,2026-03-23,63833,1445,117389.94,0.022637193927905627,81.24,1.839,101.35,0.2236,0.385,0,0,0,-2
Australia,64,2026-03-30,67939,1697,135238.69,0.024978289347797288,79.69,1.9906,97.9,0.2231,0.3957,0,0,0,-1
Australia,65,2026-04-06,68184,1680,139539.12,0.024639211545230553,83.06,2.0465,107.8,0.26,0.3867,0,1,0,0
Australia,66,2026-04-13,67615,1601,126636.99,0.02367817791910079,79.1,1.8729,100.24,0.1999,0.4022,0,1,0,1
Australia,67,2026-04-20,67986,1717,143003.95,0.02525519959991763,83.29,2.1034,104.12,0.2243,0.3623,0,1,0,2
Australia,68,2026-04-27,66549,1569,124659.27,0.023576612721453366,79.45,1.8732,110.99,0.2208,0.3934,0,1,0,3
Australia,69,2026-05-04,64080,1549,120794.59,0.0241729088639201,77.98,1.8851,110.1,0.1976,0.369,0,1,0,4
Australia,70,2026-05-11,66522,1460,127862.53,0.021947626349177716,87.58,1.9221,100.07,0.1764,0.3826,0,1,0,5
Australia,71,2026-05-18,66383,1777,137929.61,0.026768901676634076,77.62,2.0778,112.7,0.252,0.4062,0,1,0,6
Australia,72,2026-05-25,67712,1597,135249.69,0.023585184310018905,84.69,1.9974,109.85,0.1875,0.3473,0,1,0,7
Australia,73,2026-06-01,66156,1797,144187.52,0.027163069109377835,80.24,2.1795,99.67,0.2223,0.3759,0,1,0,8
Australia,74,2026-06-08,73824,1831,146692.26,0.024802232336367577,80.12,1.9871,92.56,0.2318,0.3796,0,1,0,9
Australia,75,2026-06-15,68346,1853,144420.83,0.027112047522898194,77.94,2.1131,104.68,0.2302,0.3587,0,1,0,10
Australia,76,2026-06-22,66428,1651,143301.22,0.024853977238513878,86.8,2.1572,105.88,0.2284,0.3704,0,1,0,11
Australia,77,2026-06-29,65807,1668,142696.98,0.025346847599799414,85.55,2.1684,100.24,0.2044,0.3528,0,1,0,12
Australia,78,2026-07-06,66860,1702,141718.49,0.025456177086449296,83.27,2.1196,101.44,0.2012,0.3591,0,1,0,13
Australia,79,2026-07-13,63276,1735,139880.8,0.02741955875845502,80.62,2.2106,97.0,0.1814,0.3725,0,1,0,14
Australia,80,2026-07-20,67756,1715,136815.15,0.02531141153550977,79.78,2.0192,89.15,0.2057,0.3515,0,1,0,15
Australia,81,2026-07-27,68401,1719,141580.72,0.025131211531995146,82.36,2.0699,98.41,0.1861,0.3713,0,1,0,16
Australia,82,2026-08-03,67314,1706,150583.98,0.02534391062780402,88.27,2.237,87.63,0.1629,0.3417,0,1,0,17
Australia,83,2026-08-10,69890,2060,171537.88,0.029474889111460865,83.27,2.4544,95.06,0.2093,0.3641,0,1,0,18
Australia,84,2026-08-17,69789,1772,143514.14,0.02539082090300764,80.99,2.0564,93.67,0.1788,0.3449,0,1,0,19
Australia,85,2026-08-24,67453,1804,167525.87,0.026744548055683215,92.86,2.4836,86.79,0.1824,0.3485,0,1,0,20
Australia,86,2026-08-31,66236,1830,161706.35,0.02762847998067516,88.36,2.4414,91.94,0.1801,0.3178,0,1,0,21
Australia,87,2026-09-07,71471,1935,165849.46,0.027073918092652964,85.71,2.3205,84.06,0.1726,0.3406,0,1,0,22
Australia,88,2026-09-14,67155,1875,159375.58,0.02792048246593701,85.0,2.3732,84.66,0.1734,0.327,0,1,0,23
Australia,89,2026-09-21,66879,1897,168317.0,0.028364658562478506,88.73,2.5167,93.96,0.1675,0.3574,0,1,0,24
Australia,90,2026-09-28,73037,1958,165601.11,0.026808330024508126,84.58,2.2674,88.38,0.1837,0.3207,0,1,0,25
Australia,91,2026-10-05,67340,1842,152935.77,0.027353727353727354,83.03,2.2711,84.18,0.1747,0.3445,0,1,0,26
Australia,92,2026-10-12,69981,2001,170820.14,0.028593475371886654,85.37,2.441,90.57,0.1926,0.3424,0,1,0,27
Australia,93,2026-10-19,68380,1894,161201.38,0.027698157355952033,85.11,2.3574,84.39,0.1791,0.3653,0,1,0,28
Australia,94,2026-10-26,69055,1900,159510.9,0.027514300195496343,83.95,2.3099,91.9,0.2058,0.3323,0,1,0,29
Australia,95,2026-11-02,69870,1821,153322.79,0.026062687848862173,84.2,2.1944,95.78,0.1969,0.3732,0,1,0,30
Australia,96,2026-11-09,66870,1801,153992.02,0.02693285479288171,85.5,2.3029,94.83,0.2244,0.3441,0,1,0,31
Australia,97,2026-11-16,75458,2129,188283.23,0.02821437090831986,88.44,2.4952,102.3,0.188,0.3192,0,1,0,32
Australia,98,2026-11-23,66334,1763,151686.12,0.026577622335453913,86.04,2.2867,97.04,0.2374,0.3341,0,1,0,33
Australia,99,2026-11-30,71440,1808,144017.82,0.025307950727883537,79.66,2.0159,97.2,0.2528,0.3263,0,1,0,34
Australia,100,2026-12-07,70407,2020,166079.94,0.028690329086596505,82.22,2.3589,104.08,0.2572,0.3445,0,1,0,35
Australia,101,2026-12-14,66193,1702,150181.47,0.025712688652878703,88.24,2.2688,102.44,0.1962,0.3356,0,1,0,36
Australia,102,2026-12-21,70037,2002,166806.82,0.02858489084341134,83.32,2.3817,108.19,0.2133,0.3576,0,1,0,37
Australia,103,2026-12-28,72097,2071,166485.9,0.028725189675021152,80.39,2.3092,113.69,0.2236,0.373,0,1,0,38
Canada,0,2025-01-06,87304,2687,208742.27,0.03077751305782095,77.69,2.391,99.41,0.178,0.4153,0,0,0,-65
Canada,1,2025-01-13,91348,3007,223123.33,0.03291807155055393,74.2,2.4426,100.6,0.2122,0.3998,0,0,0,-64
Canada,2,2025-01-20,88245,2705,200315.37,0.0306532948042382,74.05,2.27,97.09,0.2202,0.4073,0,0,0,-63
Canada,3,2025-01-27,92967,2862,224737.27,0.030785117299686984,78.52,2.4174,103.47,0.2091,0.4051,0,0,0,-62
Canada,4,2025-02-03,91897,2808,220093.64,0.030555948507568254,78.38,2.395,92.89,0.2082,0.4052,0,0,0,-61
Canada,5,2025-02-10,88491,2547,200198.31,0.028782588059802692,78.6,2.2624,92.09,0.2244,0.4169,0,0,0,-60
Canada,6,2025-02-17,91638,2716,206817.95,0.02963835963246688,76.15,2.2569,106.84,0.1926,0.4327,0,0,0,-59
Canada,7,2025-02-24,93921,3080,241134.88,0.03279351795658053,78.29,2.5674,107.78,0.2315,0.4253,0,0,0,-58
Canada,8,2025-03-03,92853,3040,235608.09,0.032739922242684676,77.5,2.5374,104.69,0.1955,0.4322,0,0,0,-57
Canada,9,2025-03-10,93893,3216,246030.17,0.03425175465689668,76.5,2.6203,111.77,0.2149,0.4038,0,0,0,-56
Canada,10,2025-03-17,94098,3307,256544.38,0.03514421135412017,77.58,2.7264,100.09,0.2429,0.4208,0,0,0,-55
Canada,11,2025-03-24,95579,3165,244767.13,0.03311396854957679,77.34,2.5609,102.19,0.1706,0.4108,0,0,0,-54
Canada,12,2025-03-31,92653,3084,243521.44,0.03328548454987966,78.96,2.6283,119.53,0.1936,0.4394,0,0,0,-53
Canada,13,2025-04-07,93163,3033,235464.3,0.03255584298487597,77.63,2.5274,104.54,0.2358,0.4131,0,0,0,-52
Canada,14,2025-04-14,95159,2857,221657.69,0.030023434462320957,77.58,2.3293,109.73,0.1978,0.4098,0,0,0,-51
Canada,15,2025-04-21,98826,3212,247305.25,0.032501568413170624,76.99,2.5024,105.02,0.1994,0.4079,0,0,0,-50
Canada,16,2025-04-28,96926,3060,239528.28,0.03157047644594846,78.28,2.4712,106.8,0.181,0.4058,0,0,0,-49
Canada,17,2025-05-05,93672,3302,250312.74,0.03525066188402084,75.81,2.6722,114.07,0.214,0.4209,0,0,0,-48
Canada,18,2025-05-12,93351,3068,235489.93,0.032865207657122045,76.76,2.5226,105.95,0.1926,0.4241,0,0,0,-47
Canada,19,2025-05-19,95694,3386,267130.9,0.03538361861767718,78.89,2.7915,104.67,0.1975,0.4163,0,0,0,-46
Canada,20,2025-05-26,94746,3167,246480.14,0.033426213243830875,77.83,2.6015,107.3,0.2414,0.4344,0,0,0,-45
Canada,21,2025-06-02,94392,2819,220924.43,0.029864819052462074,78.37,2.3405,102.71,0.2035,0.4126,0,0,0,-44
Canada,22,2025-06-09,91678,2830,222196.69,0.030868910752852374,78.51,2.4237,99.64,0.2195,0.3979,0,0,0,-43
Canada,23,2025-06-16,94814,2797,217828.84,0.029499862889446705,77.88,2.2974,101.7,0.179,0.3844,0,0,0,-42
Canada,24,2025-06-23,91825,2980,231652.0,0.032453035665668394,77.74,2.5228,100.12,0.1819,0.4021,0,0,0,-41
Canada,25,2025-06-30,92635,2791,216619.85,0.030129000917579748,77.61,2.3384,103.58,0.1834,0.385,0,0,0,-40
Canada,26,2025-07-07,91832,2821,218983.03,0.030719139297848246,77.63,2.3846,97.68,0.2249,0.4028,0,0,0,-39
Canada,27,2025-07-14,93629,2920,228759.83,0.031186918582917687,78.34,2.4433,92.18,0.1966,0.4154,0,0,0,-38
Canada,28,2025-07-21,92682,2640,202579.94,0.028484495371269503,76.73,2.1858,89.09,0.1563,0.3736,0,0,0,-37
Canada,29,2025-07-28,92908,2798,216827.45,0.030115813492917726,77.49,2.3338,88.24,0.1734,0.3887,0,0,0,-36
Canada,30,2025-08-04,90817,2546,196032.81,0.02803439884603103,77.0,2.1585,103.3,0.165,0.4033,0,0,0,-35
Canada,31,2025-08-11,89166,2545,197669.47,0.028542269474911963,77.67,2.2169,91.06,0.1627,0.4035,0,0,0,-34
Canada,32,2025-08-18,92255,2792,215270.3,0.03026394233374885,77.1,2.3334,95.38,0.194,0.3699,0,0,0,-33
Canada,33,2025-08-25,92862,2576,197066.9,0.027740087441579978,76.5,2.1221,90.13,0.1806,0.3917,0,0,0,-32
Canada,34,2025-09-01,93529,3085,237906.26,0.03298442194399598,77.12,2.5437,96.13,0.1876,0.3908,0,0,0,-31
Canada,35,2025-09-08,91661,2602,202640.21,0.028387209391125996,77.88,2.2108,88.28,0.156,0.4211,0,0,0,-30
Canada,36,2025-09-15,88560,2579,200249.67,0.029121499548328815,77.65,2.2612,87.96,0.1599,0.3674,0,0,0,-29
Canada,37,2025-09-22,91052,2379,189650.08,0.026127926898914907,79.72,2.0829,87.73,0.1853,0.3737,0,0,0,-28
Canada,38,2025-09-29,91236,2600,200862.53,0.028497522907624185,77.25,2.2016,92.34,0.1596,0.3801,0,0,0,-27
Canada,39,2025-10-06,91683,2585,197637.7,0.028194976167882812,76.46,2.1557,96.83,0.1856,0.3686,0,0,0,-26
Canada,40,2025-10-13,92489,2641,203794.6,0.02855474705100066,77.17,2.2034,89.17,0.1709,0.3679,0,0,0,-25
Canada,41,2025-10-20,92711,2666,203823.58,0.028756026792937192,76.45,2.1985,100.51,0.1607,0.3848,0,0,0,-24
Canada,42,2025-10-27,92493,2577,203210.34,0.02786156790243586,78.86,2.197,90.98,0.1794,0.3892,0,0,0,-23
Canada,43,2025-11-03,91358,2799,217816.13,0.03063771098316513,77.82,2.3842,100.71,0.1825,0.3929,0,0,0,-22
Canada,44,2025-11-10,95361,2600,198199.67,0.027264814756556663,76.23,2.0784,95.02,0.2096,0.3926,0,0,0,-21
Canada,45,2025-11-17,96671,3156,250016.56,0.03264681238427243,79.22,2.5863,91.48,0.2099,0.3869,0,0,0,-20
Canada,46,2025-11-24,102129,3164,236105.12,0.030980426715232694,74.62,2.3118,102.72,0.255,0.3851,0,0,0,-19
Canada,47,2025-12-01,103583,3513,281332.11,0.03391483158433334,80.08,2.716,107.29,0.2405,0.3975,0,0,0,-18
Canada,48,2025-12-08,103467,3567,279316.38,0.03447476006842762,78.31,2.6996,106.08,0.2564,0.4076,0,0,0,-17
Canada,49,2025-12-15,106353,3966,306924.59,0.03729090857803729,77.39,2.8859,119.68,0.249,0.3839,0,0,0,-16
Canada,50,2025-12-22,104213,3573,275209.61,0.03428554978745454,77.02,2.6408,107.37,0.2158,0.4241,0,0,0,-15
Canada,51,2025-12-29,101696,3485,278301.16,0.034268801132787914,79.86,2.7366,109.43,0.193,0.4003,0,0,0,-14
Canada,52,2026-01-05,95375,2893,230275.89,0.030332896461336828,79.6,2.4144,89.69,0.1939,0.4225,0,0,0,-13
Canada,53,2026-01-12,94689,2982,234789.21,0.031492570414726105,78.74,2.4796,95.13,0.2018,0.4298,0,0,0,-12
Canada,54,2026-01-19,92564,3056,239034.93,0.033014995030465406,78.22,2.5824,94.38,0.1964,0.4032,0,0,0,-11
Canada,55,2026-01-26,95564,3079,238799.2,0.03221924574107404,77.56,2.4988,95.21,0.2098,0.4234,0,0,0,-10
Canada,56,2026-02-02,101949,3249,252903.25,0.031868875614277724,77.84,2.4807,101.55,0.1945,0.4354,0,0,0,-9
Canada,57,2026-02-09,101663,3221,256570.02,0.03168310988265151,79.66,2.5237,97.79,0.2175,0.4215,0,0,0,-8
Canada,58,2026-02-16,99505,3154,246987.82,0.031696899653283754,78.31,2.4822,108.66,0.1798,0.4127,0,0,0,-7
Canada,59,2026-02-23,97195,3322,260341.03,0.03417871289675395,78.37,2.6785,105.25,0.2176,0.419,0,0,0,-6
Canada,60,2026-03-02,99135,3292,252935.5,0.0332072426489131,76.83,2.5514,99.94,0.1912,0.4015,0,0,0,-5
Canada,61,2026-03-09,100160,3313,270343.91,0.0330770766773163,81.6,2.6991,106.4,0.2163,0.4006,0,0,0,-4
Canada,62,2026-03-16,99998,3541,274043.53,0.03541070821416428,77.39,2.7405,98.69,0.219,0.4023,0,0,0,-3
Canada,63,2026-03-23,101016,3414,262694.44,0.03379662627702542,76.95,2.6005,107.54,0.1992,0.3767,0,0,0,-2
Canada,64,2026-03-30,99930,3222,257237.1,0.0322425697988592,79.84,2.5742,104.37,0.1895,0.4245,0,0,0,-1
Canada,65,2026-04-06,102823,3313,267661.38,0.03222041761084582,80.79,2.6031,101.02,0.1669,0.4406,0,1,0,0
Canada,66,2026-04-13,100050,3440,271704.29,0.03438280859570215,78.98,2.7157,109.13,0.2265,0.4035,0,1,0,1
Canada,67,2026-04-20,100280,3343,258769.83,0.0333366573593937,77.41,2.5805,98.78,0.1801,0.4219,0,1,0,2
Canada,68,2026-04-27,100814,3455,268782.33,0.03427103378499018,77.8,2.6661,107.23,0.2114,0.4209,0,1,0,3
Canada,69,2026-05-04,98136,3484,272846.69,0.03550175266976441,78.31,2.7803,98.14,0.1901,0.3998,0,1,0,4
Canada,70,2026-05-11,99056,3369,271344.61,0.03401106444839283,80.54,2.7393,100.66,0.1834,0.4483,0,1,0,5
Canada,71,2026-05-18,97373,3236,263146.2,0.03323303174391258,81.32,2.7025,104.19,0.1743,0.3835,0,1,0,6
Canada,72,2026-05-25,100025,3233,253161.13,0.03232191952011997,78.31,2.531,110.43,0.2004,0.3916,0,1,0,7
Canada,73,2026-06-01,100565,3419,266074.61,0.03399791179833938,77.82,2.6458,101.61,0.2221,0.4103,0,1,0,8
Canada,74,2026-06-08,98836,3231,249947.03,0.032690517625156824,77.36,2.5289,102.28,0.2228,0.4157,0,1,0,9
Canada,75,2026-06-15,101191,3448,271784.58,0.034074176557203704,78.82,2.6859,104.01,0.1965,0.4123,0,1,0,10
Canada,76,2026-06-22,98445,3188,246844.78,0.03238356442683732,77.43,2.5074,96.4,0.1896,0.4003,0,1,0,11
Canada,77,2026-06-29,101151,3411,265035.76,0.03372186137556722,77.7,2.6202,99.22,0.2133,0.3997,0,1,0,12
Canada,78,2026-07-06,97308,3291,255706.43,0.03382044641756073,77.7,2.6278,98.35,0.2043,0.4298,0,1,0,13
Canada,79,2026-07-13,99226,3051,238553.38,0.03074798943825207,78.19,2.4041,99.19,0.1889,0.3885,0,1,0,14
Canada,80,2026-07-20,94397,3056,233019.68,0.03237391018782376,76.25,2.4685,87.33,0.2063,0.3897,0,1,0,15
Canada,81,2026-07-27,95111,2934,233086.17,0.030848166878699623,79.44,2.4507,90.15,0.1743,0.3646,0,1,0,16
Canada,82,2026-08-03,99894,3219,248491.86,0.032224157607063486,77.2,2.4876,93.1,0.205,0.417,0,1,0,17
Canada,83,2026-08-10,98201,2966,225688.86,0.030203358417938718,76.09,2.2982,95.2,0.2061,0.4168,0,1,0,18
Canada,84,2026-08-17,96029,2775,211752.25,0.028897520540670005,76.31,2.2051,87.9,0.1905,0.3744,0,1,0,19
Canada,85,2026-08-24,99992,3256,251902.44,0.03256260500840067,77.37,2.5192,96.56,0.1746,0.3999,0,1,0,20
Canada,86,2026-08-31,95388,2899,233961.22,0.030391663521616975,80.7,2.4527,85.07,0.1646,0.3858,0,1,0,21
Canada,87,2026-09-07,94325,2684,212482.68,0.02845481049562682,79.17,2.2527,95.84,0.1669,0.3777,0,1,0,22
Canada,88,2026-09-14,95965,2880,226070.79,0.03001094148908456,78.5,2.3558,94.7,0.1606,0.3668,0,1,0,23
Canada,89,2026-09-21,94530,2847,222233.48,0.030117423040304667,78.06,2.3509,92.79,0.1587,0.3824,0,1,0,24
Canada,90,2026-09-28,93431,2849,221724.74,0.030493091158180902,77.83,2.3731,87.93,0.1618,0.379,0,1,0,25
Canada,91,2026-10-05,95799,2828,215715.89,0.029520141128821804,76.28,2.2518,83.54,0.1737,0.3665,0,1,0,26
Canada,92,2026-10-12,93422,2763,215535.38,0.029575474727580226,78.01,2.3071,81.18,0.1748,0.3795,0,1,0,27
Canada,93,2026-10-19,99010,3044,230337.49,0.030744369255630743,75.67,2.3264,88.32,0.171,0.4002,0,1,0,28
Canada,94,2026-10-26,100206,2831,221339.2,0.02825180128934395,78.18,2.2088,91.34,0.1701,0.3976,0,1,0,29
Canada,95,2026-11-02,102897,3223,248139.54,0.031322584720642976,76.99,2.4115,99.75,0.1838,0.3888,0,1,0,30
Canada,96,2026-11-09,103971,3603,279252.63,0.0346538938742534,77.51,2.6859,96.18,0.231,0.3666,0,1,0,31
Canada,97,2026-11-16,102918,3393,260016.06,0.03296799393692065,76.63,2.5264,104.0,0.2136,0.3989,0,1,0,32
Canada,98,2026-11-23,104852,3585,281136.34,0.03419105024224622,78.42,2.6813,104.74,0.2209,0.3849,0,1,0,33
Canada,99,2026-11-30,108036,3882,314186.75,0.03593246695545929,80.93,2.9082,111.55,0.2069,0.3831,0,1,0,34
Canada,100,2026-12-07,109440,3790,295420.51,0.03463084795321637,77.95,2.6994,114.59,0.2775,0.4048,0,1,0,35
Canada,101,2026-12-14,108516,3829,306304.58,0.03528511924508828,80.0,2.8227,102.62,0.2053,0.416,0,1,0,36
Canada,102,2026-12-21,106551,3921,308858.31,0.03679927921840245,78.77,2.8987,111.12,0.2422,0.4162,0,1,0,37
Canada,103,2026-12-28,107755,3896,308936.63,0.03615609484478678,79.3,2.867,106.43,0.2522,0.3908,0,1,0,38
France,0,2025-01-06,155486,5053,353258.91,0.03249810272307475,69.91,2.272,98.63,0.184,0.4426,0,0,0,-65
France,1,2025-01-13,166164,4841,369487.46,0.02913386774511928,76.32,2.2236,101.23,0.2056,0.4414,0,0,0,-64
France,2,2025-01-20,144585,4214,325326.73,0.02914548535463568,77.2,2.2501,95.66,0.2421,0.4346,0,0,0,-63
France,3,2025-01-27,141946,4300,351991.38,0.0302932100939794,81.86,2.4798,108.42,0.2271,0.4334,0,0,0,-62
France,4,2025-02-03,167126,4956,384064.89,0.02965427282409679,77.49,2.2981,101.08,0.2134,0.4699,0,0,0,-61
France,5,2025-02-10,146593,4121,328238.68,0.02811184708683225,79.65,2.2391,93.18,0.2011,0.4552,0,0,0,-60
France,6,2025-02-17,161286,4576,352326.26,0.028371960368537875,76.99,2.1845,94.72,0.2269,0.4092,0,0,0,-59
France,7,2025-02-24,154817,5004,379746.06,0.03232203181821118,75.89,2.4529,102.4,0.2681,0.4634,0,0,0,-58
France,8,2025-03-03,161264,5401,397765.7,0.03349166583986506,73.65,2.4665,107.39,0.2149,0.4612,0,0,0,-57
France,9,2025-03-10,148334,5521,515027.04,0.0372200574379441,93.29,3.4721,106.6,0.231,0.4535,0,0,0,-56
France,10,2025-03-17,143066,4722,348170.53,0.0330057455999329,73.73,2.4336,105.34,0.273,0.4167,0,0,0,-55
France,11,2025-03-24,145367,4539,341518.62,0.03122441819670214,75.24,2.3494,103.02,0.2167,0.4643,0,0,0,-54
France,12,2025-03-31,146974,5017,411414.83,0.03413528923483065,82.0,2.7992,102.93,0.2291,0.4591,0,0,0,-53
France,13,2025-04-07,156403,4398,340811.76,0.028119665223812842,77.49,2.1791,106.22,0.2546,0.466,0,0,0,-52
France,14,2025-04-14,169238,5809,419035.46,0.034324442501093136,72.14,2.476,105.95,0.218,0.4462,0,0,0,-51
France,15,2025-04-21,160592,4828,419260.13,0.030063764072930158,86.84,2.6107,106.37,0.2438,0.4699,0,0,0,-50
France,16,2025-04-28,160706,4589,350531.21,0.02855524995955347,76.39,2.1812,98.02,0.2387,0.4361,0,0,0,-49
France,17,2025-05-05,157273,4776,352491.38,0.03036757739726463,73.8,2.2413,103.64,0.2449,0.4641,0,0,0,-48
France,18,2025-05-12,162282,5001,361273.12,0.03081672643916146,72.24,2.2262,118.55,0.2567,0.4575,0,0,0,-47
France,19,2025-05-19,161265,5786,428087.62,0.03587883297677735,73.99,2.6546,106.6,0.212,0.4595,0,0,0,-46
France,20,2025-05-26,159805,5238,416609.08,0.03277744751415788,79.54,2.607,107.11,0.2295,0.4541,0,0,0,-45
France,21,2025-06-02,152308,5073,376179.68,0.03330750846967986,74.15,2.4699,100.42,0.2278,0.4465,0,0,0,-44
France,22,2025-06-09,156071,4699,364833.8,0.030108091830000447,77.64,2.3376,111.36,0.2506,0.4746,0,0,0,-43
France,23,2025-06-16,164131,4941,390434.84,0.030104002290853037,79.02,2.3788,98.85,0.2337,0.4518,0,0,0,-42
France,24,2025-06-23,143003,4092,314729.32,0.028614784305224367,76.91,2.2009,102.7,0.2089,0.4297,0,0,0,-41
France,25,2025-06-30,157716,4152,316124.39,0.026325800806512974,76.14,2.0044,92.38,0.1998,0.4262,0,0,0,-40
France,26,2025-07-07,166879,5107,407521.6,0.03060301176301392,79.8,2.442,108.81,0.1972,0.4362,0,0,0,-39
France,27,2025-07-14,164422,4209,329337.0,0.02559876415564827,78.25,2.003,100.6,0.1865,0.4179,0,0,0,-38
France,28,2025-07-21,147376,3746,280683.21,0.025417978503962654,74.93,1.9045,101.76,0.2039,0.4452,0,0,0,-37
France,29,2025-07-28,157029,4569,344472.34,0.029096536308579946,75.39,2.1937,101.28,0.2144,0.4305,0,0,0,-36
France,30,2025-08-04,146565,4165,311370.67,0.028417425715552825,74.76,2.1245,97.73,0.1861,0.4281,0,0,0,-35
France,31,2025-08-11,155028,4794,371433.54,0.030923446087158447,77.48,2.3959,107.4,0.1949,0.4447,0,0,0,-34
France,32,2025-08-18,147256,4000,315669.5,0.027163579073178682,78.92,2.1437,97.89,0.2016,0.4147,0,0,0,-33
France,33,2025-08-25,161492,4891,390997.19,0.03028632997300176,79.94,2.4212,90.97,0.2224,0.3956,0,0,0,-32
France,34,2025-09-01,155346,4913,374238.55,0.0316261764062158,76.17,2.4091,94.14,0.213,0.444,0,0,0,-31
France,35,2025-09-08,163319,3901,295445.13,0.023885769567533476,75.74,1.809,93.77,0.2055,0.3999,0,0,0,-30
France,36,2025-09-15,151188,4446,309572.35,0.029407095801254068,69.63,2.0476,93.2,0.1863,0.4081,0,0,0,-29
France,37,2025-09-22,140850,3968,325114.25,0.02817181398651047,81.93,2.3082,101.08,0.2175,0.4273,0,0,0,-28
France,38,2025-09-29,144926,4468,324814.04,0.030829526792984004,72.7,2.2412,95.3,0.2174,0.4431,0,0,0,-27
France,39,2025-10-06,152446,4312,331656.23,0.028285425658921847,76.91,2.1756,89.12,0.2144,0.4268,0,0,0,-26
France,40,2025-10-13,136492,4055,319292.72,0.02970870087624183,78.74,2.3393,89.41,0.1951,0.4268,0,0,0,-25
France,41,2025-10-20,145778,3876,317419.41,0.026588374103088258,81.89,2.1774,87.67,0.1942,0.4116,0,0,0,-24
France,42,2025-10-27,137032,3528,258749.4,0.025745811197384554,73.34,1.8882,93.85,0.1726,0.4017,0,0,0,-23
France,43,2025-11-03,153796,3999,338536.04,0.02600197664438607,84.66,2.2012,93.46,0.2313,0.4168,0,0,0,-22
France,44,2025-11-10,160522,4956,346089.93,0.030874272685364,69.83,2.156,88.8,0.2165,0.4209,0,0,0,-21
France,45,2025-11-17,176442,5053,348893.96,0.02863830607225037,69.05,1.9774,102.3,0.2675,0.4406,0,0,0,-20
France,46,2025-11-24,164573,5722,410587.73,0.03476876522880424,71.76,2.4949,97.71,0.2361,0.4177,0,0,0,-19
France,47,2025-12-01,185256,5901,467452.08,0.031853219328928616,79.22,2.5233,104.48,0.2703,0.4114,0,0,0,-18
France,48,2025-12-08,201269,8993,750460.36,0.044681495908460815,83.45,3.7286,118.72,0.2606,0.4277,0,0,0,-17
France,49,2025-12-15,156657,4793,374314.81,0.030595504829021365,78.1,2.3894,111.18,0.2354,0.4091,0,0,0,-16
France,50,2025-12-22,174467,6910,529760.85,0.03960634389311446,76.67,3.0365,105.14,0.2562,0.4062,0,0,0,-15
France,51,2025-12-29,165523,5001,396443.94,0.03021332382810848,79.27,2.3951,110.62,0.2694,0.4401,0,0,0,-14
France,52,2026-01-05,163139,5428,435522.39,0.03327224023685323,80.24,2.6696,98.99,0.1945,0.4341,0,0,0,-13
France,53,2026-01-12,146372,4585,327008.83,0.031324296996693354,71.32,2.2341,91.02,0.2216,0.4475,0,0,0,-12
France,54,2026-01-19,163165,4904,375898.34,0.030055465326509975,76.65,2.3038,98.38,0.2107,0.4207,0,0,0,-11
France,55,2026-01-26,152788,4835,420276.42,0.03164515537869466,86.92,2.7507,106.89,0.2358,0.4515,0,0,0,-10
France,56,2026-02-02,165876,5364,416433.28,0.0323374086667149,77.63,2.5105,108.53,0.2348,0.4541,0,0,0,-9
France,57,2026-02-09,162536,4693,347228.08,0.028873603386326722,73.99,2.1363,105.11,0.2615,0.446,0,0,0,-8
France,58,2026-02-16,168780,4978,455229.88,0.02949401587865861,91.45,2.6972,114.91,0.2291,0.4478,0,0,0,-7
France,59,2026-02-23,157708,5384,448267.59,0.03413904177340401,83.26,2.8424,115.26,0.219,0.4158,0,0,0,-6
France,60,2026-03-02,147616,4555,360382.39,0.030857088662475614,79.12,2.4414,114.52,0.2441,0.424,0,0,0,-5
France,61,2026-03-09,159933,4665,356426.7,0.02916846429442329,76.4,2.2286,107.06,0.2213,0.4769,0,0,0,-4
France,62,2026-03-16,180624,7034,550546.56,0.038942776153778016,78.27,3.048,109.76,0.2243,0.4543,0,0,0,-3
France,63,2026-03-23,180551,6072,493774.48,0.03363038698207155,81.32,2.7348,106.54,0.245,0.4786,0,0,0,-2
France,64,2026-03-30,174798,4952,420528.6,0.028329843590887766,84.92,2.4058,105.28,0.2518,0.4698,0,0,0,-1
France,65,2026-04-06,169804,5481,459231.12,0.03227839155732492,83.79,2.7045,112.45,0.2361,0.4662,0,1,0,0
France,66,2026-04-13,160901,5754,527159.22,0.03576112019191925,91.62,3.2763,116.64,0.2056,0.4818,0,1,0,1
France,67,2026-04-20,160316,5660,478755.38,0.03530527208762694,84.59,2.9863,106.73,0.2267,0.4615,0,1,0,2
France,68,2026-04-27,172310,5452,420799.19,0.03164064766989728,77.18,2.4421,115.76,0.2662,0.4719,0,1,0,3
France,69,2026-05-04,145013,4281,316923.79,0.029521491176653127,74.03,2.1855,104.38,0.2458,0.4384,0,1,0,4
France,70,2026-05-11,164359,5359,425758.62,0.03260545513175427,79.45,2.5904,103.4,0.2204,0.4768,0,1,0,5
France,71,2026-05-18,168612,5566,432478.73,0.033010699119872845,77.7,2.5649,111.72,0.1881,0.4511,0,1,0,6
France,72,2026-05-25,169509,5162,415601.59,0.030452660330719902,80.51,2.4518,102.62,0.2543,0.4829,0,1,0,7
France,73,2026-06-01,169938,6047,494081.55,0.03558356577104591,81.71,2.9074,96.89,0.2331,0.4271,0,1,0,8
France,74,2026-06-08,164830,5575,448963.23,0.03382272644542862,80.53,2.7238,101.45,0.2211,0.46,0,1,0,9
France,75,2026-06-15,159146,5557,449764.53,0.034917622811757754,80.94,2.8261,107.54,0.234,0.4481,0,1,0,10
France,76,2026-06-22,156916,5259,420957.38,0.03351474674348059,80.05,2.6827,93.35,0.2345,0.4354,0,1,0,11
France,77,2026-06-29,152615,4539,358168.0,0.02974150640500606,78.91,2.3469,95.46,0.2495,0.4427,0,1,0,12
France,78,2026-07-06,167925,5363,476276.26,0.031936876581807355,88.81,2.8362,106.13,0.2039,0.4441,0,1,0,13
France,79,2026-07-13,162335,5692,428131.86,0.03506329503803862,75.22,2.6373,95.95,0.2316,0.4409,0,1,0,14
France,80,2026-07-20,166302,4706,367595.6,0.028297915839857607,78.11,2.2104,98.4,0.252,0.4081,0,1,0,15
France,81,2026-07-27,158442,4456,364435.9,0.02812385604827003,81.79,2.3001,95.45,0.2289,0.4411,0,1,0,16
France,82,2026-08-03,169676,4863,368698.95,0.028660505905372592,75.82,2.173,94.96,0.1841,0.4379,0,1,0,17
France,83,2026-08-10,155995,4806,352807.61,0.030808679765377097,73.41,2.2617,103.42,0.2104,0.4424,0,1,0,18
France,84,2026-08-17,140100,4062,287731.9,0.02899357601713062,70.84,2.0538,87.39,0.1973,0.4197,0,1,0,19
France,85,2026-08-24,156248,4293,327874.33,0.027475551687061596,76.37,2.0984,105.34,0.2102,0.4534,0,1,0,20
France,86,2026-08-31,142619,4097,296152.67,0.028726887721832295,72.29,2.0765,92.33,0.212,0.4035,0,1,0,21
France,87,2026-09-07,161489,5148,370802.18,0.03187833227030943,72.03,2.2961,89.73,0.208,0.4134,0,1,0,22
France,88,2026-09-14,163770,4189,326608.67,0.02557855529095683,77.97,1.9943,92.78,0.1603,0.4038,0,1,0,23
France,89,2026-09-21,161892,5012,375070.61,0.03095891087885751,74.83,2.3168,89.8,0.1955,0.4175,0,1,0,24
France,90,2026-09-28,156946,4918,380577.34,0.03133561862041721,77.38,2.4249,92.23,0.2098,0.3991,0,1,0,25
France,91,2026-10-05,150811,4041,313358.53,0.02679512767636313,77.54,2.0778,99.33,0.1825,0.419,0,1,0,26
France,92,2026-10-12,162882,4737,376600.99,0.029082403212141304,79.5,2.3121,91.83,0.1856,0.4353,0,1,0,27
France,93,2026-10-19,164590,4334,340253.15,0.026332097940336596,78.51,2.0673,92.01,0.1908,0.422,0,1,0,28
France,94,2026-10-26,157143,4979,385762.26,0.03168451665043941,77.48,2.4548,95.45,0.1877,0.4141,0,1,0,29
France,95,2026-11-02,175033,5409,444585.17,0.030902744053978394,82.19,2.54,101.52,0.2127,0.4146,0,1,0,30
France,96,2026-11-09,153848,4698,352892.61,0.030536633560397274,75.12,2.2938,96.35,0.2208,0.4349,0,1,0,31
France,97,2026-11-16,165713,5046,422430.62,0.030450236251832987,83.72,2.5492,101.12,0.2471,0.4231,0,1,0,32
France,98,2026-11-23,156362,5650,452522.98,0.03613409907778105,80.09,2.8941,113.12,0.2431,0.4199,0,1,0,33
France,99,2026-11-30,174167,5591,444214.89,0.032101373968662264,79.45,2.5505,108.88,0.256,0.4006,0,1,0,34
France,100,2026-12-07,176175,7120,583756.46,0.04041436072087413,81.99,3.3135,104.03,0.2573,0.4667,0,1,0,35
France,101,2026-12-14,185093,6148,468112.14,0.033215734792779845,76.14,2.5291,103.83,0.2811,0.4312,0,1,0,36
France,102,2026-12-21,173051,6097,450099.26,0.03523238813991251,73.82,2.601,111.25,0.2853,0.4404,0,1,0,37
France,103,2026-12-28,168132,5825,463931.11,0.0346453976637404,79.64,2.7593,105.94,0.2589,0.4421,0,1,0,38
Germany,0,2025-01-06,195759,5494,434738.36,0.028065120888439356,79.13,2.2208,98.19,0.1792,0.3952,0,0,0,-65
Germany,1,2025-01-13,189870,5613,472812.84,0.029562332121978195,84.24,2.4902,101.97,0.2011,0.3707,0,0,0,-64
Germany,2,2025-01-20,187855,5921,502680.73,0.03151899071092066,84.9,2.6759,92.15,0.1876,0.3805,0,0,0,-63
Germany,3,2025-01-27,189706,5994,503617.37,0.031596259475187925,84.02,2.6547,98.45,0.1813,0.3673,0,0,0,-62
Germany,4,2025-02-03,186558,5961,506614.96,0.03195252950824944,84.99,2.7156,100.63,0.1873,0.3865,0,0,0,-61
Germany,5,2025-02-10,200984,5774,476820.38,0.02872865501731481,82.58,2.3724,108.68,0.1701,0.364,0,0,0,-60
Germany,6,2025-02-17,198080,6422,508954.92,0.03242124394184168,79.25,2.5694,102.95,0.2101,0.4263,0,0,0,-59
Germany,7,2025-02-24,192396,6264,530321.15,0.0325578494355392,84.66,2.7564,97.32,0.1828,0.4203,0,0,0,-58
Germany,8,2025-03-03,190122,6365,527207.25,0.03347850327684329,82.83,2.773,104.13,0.2038,0.3917,0,0,0,-57
Germany,9,2025-03-10,193991,6075,509844.87,0.03131588578851596,83.93,2.6282,111.74,0.1818,0.3901,0,0,0,-56
Germany,10,2025-03-17,191554,5768,470180.7,0.030111613435375925,81.52,2.4546,98.11,0.1822,0.3834,0,0,0,-55
Germany,11,2025-03-24,180738,5241,437107.63,0.028997775785944296,83.4,2.4185,100.76,0.1687,0.3939,0,0,0,-54
Germany,12,2025-03-31,198457,6314,515711.75,0.03181545624492963,81.68,2.5986,104.08,0.1712,0.4082,0,0,0,-53
Germany,13,2025-04-07,182419,5653,464383.8,0.030989096530514914,82.15,2.5457,106.23,0.2252,0.4222,0,0,0,-52
Germany,14,2025-04-14,198035,5920,499840.96,0.02989370565809074,84.43,2.524,106.25,0.1619,0.3805,0,0,0,-51
Germany,15,2025-04-21,189112,5916,468699.34,0.03128304919835864,79.23,2.4784,103.94,0.1991,0.4156,0,0,0,-50
Germany,16,2025-04-28,194406,5652,471170.93,0.029073176753803893,83.36,2.4236,111.23,0.1975,0.389,0,0,0,-49
Germany,17,2025-05-05,186602,5107,391500.3,0.02736840977052765,76.66,2.098,105.5,0.1828,0.4056,0,0,0,-48
Germany,18,2025-05-12,181893,4949,407860.38,0.0272083037829933,82.41,2.2423,107.94,0.1908,0.4066,0,0,0,-47
Germany,19,2025-05-19,180010,5064,414324.0,0.028131770457196822,81.82,2.3017,95.04,0.2058,0.3788,0,0,0,-46
Germany,20,2025-05-26,179983,4744,378699.38,0.026358044926465277,79.83,2.1041,109.62,0.1932,0.3848,0,0,0,-45
Germany,21,2025-06-02,165983,4627,384711.02,0.027876348782706662,83.14,2.3178,98.37,0.1979,0.4082,0,0,0,-44
Germany,22,2025-06-09,184308,5002,411842.33,0.02713935369056145,82.34,2.2345,95.12,0.178,0.3498,0,0,0,-43
Germany,23,2025-06-16,172888,4322,363775.08,0.024998843181713016,84.17,2.1041,93.71,0.1905,0.3899,0,0,0,-42
Germany,24,2025-06-23,173691,4633,350544.16,0.02667380578153157,75.66,2.0182,93.91,0.1884,0.3727,0,0,0,-41
Germany,25,2025-06-30,174920,4284,345808.1,0.024491195975302995,80.72,1.977,102.85,0.1734,0.3914,0,0,0,-40
Germany,26,2025-07-07,175753,4540,340950.93,0.025831706997889083,75.1,1.9399,93.72,0.1822,0.3904,0,0,0,-39
Germany,27,2025-07-14,172810,4516,349564.48,0.02613274694751461,77.41,2.0228,97.53,0.1588,0.3746,0,0,0,-38
Germany,28,2025-07-21,179227,4257,349380.76,0.02375200165153688,82.07,1.9494,103.97,0.1681,0.371,0,0,0,-37
Germany,29,2025-07-28,174812,4305,337949.33,0.024626455849712833,78.5,1.9332,87.7,0.1449,0.3769,0,0,0,-36
Germany,30,2025-08-04,173674,4308,342177.2,0.024805094602531177,79.43,1.9702,98.81,0.1789,0.3845,0,0,0,-35
Germany,31,2025-08-11,171754,3968,326191.9,0.023102809832667652,82.21,1.8992,99.06,0.1667,0.3631,0,0,0,-34
Germany,32,2025-08-18,179064,4136,302845.65,0.023097886789081,73.22,1.6913,90.72,0.1738,0.36,0,0,0,-33
Germany,33,2025-08-25,172112,3931,310857.35,0.022839778748721763,79.08,1.8061,92.11,0.1738,0.3678,0,0,0,-32
Germany,34,2025-09-01,176406,4240,346995.79,0.024035463646361235,81.84,1.967,90.75,0.1543,0.3678,0,0,0,-31
Germany,35,2025-09-08,175128,4283,348512.96,0.024456397606322233,81.37,1.99,84.11,0.1613,0.3519,0,0,0,-30
Germany,36,2025-09-15,173155,4393,337575.43,0.025370332938696543,76.84,1.9496,89.6,0.1685,0.3522,0,0,0,-29
Germany,37,2025-09-22,164904,4215,342121.86,0.025560326007859117,81.17,2.0747,89.07,0.188,0.356,0,0,0,-28
Germany,38,2025-09-29,172313,4340,344452.15,0.025186724158943317,79.37,1.999,83.51,0.1513,0.3476,0,0,0,-27
Germany,39,2025-10-06,182278,4397,346325.88,0.024122494212137503,78.76,1.9,91.9,0.1649,0.3828,0,0,0,-26
Germany,40,2025-10-13,185594,4907,383453.11,0.026439432309234134,78.14,2.0661,88.28,0.1691,0.3536,0,0,0,-25
Germany,41,2025-10-20,173411,4544,362618.47,0.026203643367491106,79.8,2.0911,92.56,0.1729,0.359,0,0,0,-24
Germany,42,2025-10-27,193148,4949,421693.96,0.02562283844513016,85.21,2.1833,96.34,0.1614,0.3728,0,0,0,-23
Germany,43,2025-11-03,174419,4837,384491.78,0.027732070473973594,79.49,2.2044,96.64,0.182,0.3507,0,0,0,-22
Germany,44,2025-11-10,180019,5323,424966.1,0.029569101039334737,79.84,2.3607,98.27,0.208,0.3591,0,0,0,-21
Germany,45,2025-11-17,182845,5688,472202.72,0.031108315786595203,83.02,2.5825,102.59,0.207,0.3541,0,0,0,-20
Germany,46,2025-11-24,194603,5915,503073.2,0.030395214873357553,85.05,2.5851,109.17,0.1969,0.3695,0,0,0,-19
Germany,47,2025-12-01,193493,5918,476155.69,0.030585085765376524,80.46,2.4608,108.29,0.1888,0.3877,0,0,0,-18
Germany,48,2025-12-08,193587,6137,516826.63,0.03170150888231131,84.21,2.6697,112.44,0.1981,0.3533,0,0,0,-17
Germany,49,2025-12-15,204891,6332,534244.09,0.030904236886930125,84.37,2.6075,113.49,0.2167,0.3675,0,0,0,-16
Germany,50,2025-12-22,203069,6804,560480.07,0.03350585269046482,82.38,2.76,98.12,0.2053,0.3821,0,0,0,-15
Germany,51,2025-12-29,204946,6772,566668.95,0.03304285031178945,83.68,2.765,103.69,0.2173,0.3756,0,0,0,-14
Germany,52,2026-01-05,200935,5980,467640.16,0.029760867942369422,78.2,2.3273,101.3,0.2094,0.3837,0,0,0,-13
Germany,53,2026-01-12,199679,6294,541375.64,0.03152059054782927,86.01,2.7112,97.45,0.1561,0.3805,0,0,0,-12
Germany,54,2026-01-19,202402,6140,546107.64,0.030335668619875297,88.94,2.6981,103.5,0.1794,0.3839,0,0,0,-11
Germany,55,2026-01-26,201248,6486,545480.64,0.03222889171569407,84.1,2.7105,94.77,0.1813,0.3828,0,0,0,-10
Germany,56,2026-02-02,188259,5966,489675.85,0.03169038399226597,82.08,2.6011,105.62,0.2015,0.4176,0,0,0,-9
Germany,57,2026-02-09,197415,6401,544879.37,0.0324240812501583,85.12,2.7601,102.3,0.1726,0.4038,0,0,0,-8
Germany,58,2026-02-16,212140,7034,583913.68,0.03315734892052418,83.01,2.7525,98.0,0.1871,0.3966,0,0,0,-7
Germany,59,2026-02-23,186223,5740,487980.94,0.030823260284712415,85.01,2.6204,104.22,0.1963,0.386,0,0,0,-6
Germany,60,2026-03-02,205731,6777,573917.07,0.032941073537775055,84.69,2.7896,105.95,0.2131,0.3874,0,0,0,-5
Germany,61,2026-03-09,207512,6603,550187.32,0.03181984656309033,83.32,2.6514,98.49,0.2359,0.4044,0,0,0,-4
Germany,62,2026-03-16,201819,6560,570760.21,0.032504372730020464,87.01,2.8281,115.17,0.2243,0.3866,0,0,0,-3
Germany,63,2026-03-23,200298,6350,550905.46,0.03170276288330388,86.76,2.7504,110.49,0.1898,0.4007,0,0,0,-2
Germany,64,2026-03-30,192479,6275,501559.8,0.032600959065664306,79.93,2.6058,95.69,0.2215,0.3975,0,0,0,-1
Germany,65,2026-04-06,207719,6910,572935.49,0.03326609506111622,82.91,2.7582,105.4,0.189,0.4094,0,1,0,0
Germany,66,2026-04-13,197135,6871,574329.76,0.034854287670885435,83.59,2.9134,95.54,0.1494,0.3768,0,1,0,1
Germany,67,2026-04-20,195742,6373,533645.27,0.03255816329658428,83.74,2.7263,112.65,0.2188,0.4095,0,1,0,2
Germany,68,2026-04-27,183649,6509,518538.16,0.03544261063223867,79.66,2.8235,100.68,0.2004,0.4013,0,1,0,3
Germany,69,2026-05-04,200542,6345,506846.14,0.03163925761187183,79.88,2.5274,103.37,0.2063,0.3997,0,1,0,4
Germany,70,2026-05-11,199015,6104,500939.06,0.030671054945607117,82.07,2.5171,101.02,0.1749,0.3716,0,1,0,5
Germany,71,2026-05-18,193644,5582,451529.15,0.028826093243271157,80.89,2.3317,98.73,0.2131,0.3979,0,1,0,6
Germany,72,2026-05-25,191514,5865,465626.82,0.030624392994768008,79.39,2.4313,94.08,0.2052,0.3911,0,1,0,7
Germany,73,2026-06-01,190186,4949,394389.2,0.026021894356051446,79.69,2.0737,101.33,0.1986,0.4177,0,1,0,8
Germany,74,2026-06-08,177795,4896,388779.8,0.02753733232093141,79.41,2.1867,95.69,0.2078,0.3822,0,1,0,9
Germany,75,2026-06-15,192119,4844,380734.38,0.025213539524981912,78.6,1.9818,104.15,0.1849,0.3758,0,1,0,10
Germany,76,2026-06-22,184924,4814,378064.86,0.026032315978456014,78.53,2.0444,86.78,0.2057,0.3968,0,1,0,11
Germany,77,2026-06-29,181302,4910,407171.39,0.02708188547285744,82.93,2.2458,100.38,0.1817,0.411,0,1,0,12
Germany,78,2026-07-06,185427,4919,381125.78,0.026527959790106078,77.48,2.0554,92.87,0.1798,0.379,0,1,0,13
Germany,79,2026-07-13,171882,4869,387200.87,0.02832757356791287,79.52,2.2527,94.69,0.1801,0.3675,0,1,0,14
Germany,80,2026-07-20,179941,4593,368039.48,0.025525033205328413,80.13,2.0453,96.06,0.166,0.3975,0,1,0,15
Germany,81,2026-07-27,174354,4529,371624.91,0.025975888135632105,82.05,2.1314,101.27,0.1715,0.3808,0,1,0,16
Germany,82,2026-08-03,193631,4741,385772.7,0.02448471577381721,81.37,1.9923,94.54,0.1922,0.3792,0,1,0,17
Germany,83,2026-08-10,187991,4710,360940.11,0.025054390901692102,76.63,1.92,94.68,0.1664,0.3468,0,1,0,18
Germany,84,2026-08-17,175715,4681,348026.07,0.02663972910679225,74.35,1.9806,90.4,0.1849,0.3605,0,1,0,19
Germany,85,2026-08-24,187783,4670,373021.68,0.024869130858490917,79.88,1.9865,86.22,0.1798,0.3547,0,1,0,20
Germany,86,2026-08-31,175753,4306,354116.16,0.02450029302487013,82.24,2.0149,87.65,0.144,0.3761,0,1,0,21
Germany,87,2026-09-07,181665,4846,368271.17,0.026675474086918227,75.99,2.0272,93.0,0.1668,0.3858,0,1,0,22
Germany,88,2026-09-14,169034,4416,353584.27,0.02612492161340322,80.07,2.0918,91.24,0.1595,0.3742,0,1,0,23
Germany,89,2026-09-21,183051,4782,379311.99,0.026123867118999625,79.32,2.0722,86.75,0.2026,0.3886,0,1,0,24
Germany,90,2026-09-28,190645,5357,463659.52,0.02809934695376223,86.55,2.4321,95.53,0.1551,0.3445,0,1,0,25
Germany,91,2026-10-05,184672,4728,365583.99,0.025602148674406515,77.32,1.9796,93.98,0.1638,0.3703,0,1,0,26
Germany,92,2026-10-12,184519,4587,377327.15,0.0248592285889258,82.26,2.0449,87.98,0.1577,0.3761,0,1,0,27
Germany,93,2026-10-19,193711,5219,450002.7,0.02694219739715349,86.22,2.3231,86.75,0.1708,0.3789,0,1,0,28
Germany,94,2026-10-26,193028,5707,455488.68,0.029565658868143482,79.81,2.3597,100.46,0.1602,0.3622,0,1,0,29
Germany,95,2026-11-02,187438,5075,422666.39,0.0270756196715714,83.28,2.255,96.63,0.1761,0.382,0,1,0,30
Germany,96,2026-11-09,199407,5957,484751.24,0.0298735751503207,81.38,2.431,91.98,0.1917,0.3765,0,1,0,31
Germany,97,2026-11-16,200001,6274,544306.23,0.03136984315078425,86.76,2.7215,95.52,0.1867,0.3665,0,1,0,32
Germany,98,2026-11-23,195415,6267,535466.94,0.03207020955402605,85.44,2.7402,106.89,0.2253,0.3629,0,1,0,33
Germany,99,2026-11-30,204021,6472,540002.75,0.031722224672950335,83.44,2.6468,113.79,0.2198,0.3596,0,1,0,34
Germany,100,2026-12-07,203789,7162,601310.89,0.03514419325871367,83.96,2.9507,104.67,0.2213,0.3651,0,1,0,35
Germany,101,2026-12-14,222341,7662,638069.68,0.03446058081955195,83.28,2.8698,110.58,0.2334,0.3547,0,1,0,36
Germany,102,2026-12-21,198919,6712,597375.25,0.033742377550661326,89.0,3.0031,98.93,0.2145,0.3692,0,1,0,37
Germany,103,2026-12-28,219452,7456,653082.0,0.03397553907004721,87.59,2.976,103.16,0.1983,0.3876,0,1,0,38
Japan,0,2025-01-06,137130,3522,318618.02,0.025683657842922775,90.47,2.3235,97.75,0.186,0.3248,0,0,0,-65
Japan,1,2025-01-13,140416,3460,306337.37,0.024641066545123064,88.54,2.1816,90.35,0.1514,0.3524,0,0,0,-64
Japan,2,2025-01-20,140310,3549,326667.1,0.025293991875133634,92.04,2.3282,107.28,0.1413,0.3408,0,0,0,-63
Japan,3,2025-01-27,129782,3511,348507.18,0.027053058205298117,99.26,2.6853,94.72,0.1827,0.3266,0,0,0,-62
Japan,4,2025-02-03,143980,3629,320211.29,0.025204889567995555,88.24,2.224,92.75,0.1954,0.3538,0,0,0,-61
Japan,5,2025-02-10,130932,3633,335014.37,0.027747227568508843,92.21,2.5587,103.8,0.1654,0.3583,0,0,0,-60
Japan,6,2025-02-17,136845,3609,325482.96,0.026372903650115093,90.19,2.3785,102.39,0.1821,0.3161,0,0,0,-59
Japan,7,2025-02-24,140624,4071,353974.08,0.028949539196723176,86.95,2.5172,95.12,0.1899,0.3098,0,0,0,-58
Japan,8,2025-03-03,144630,3821,360634.64,0.026419138491322686,94.38,2.4935,108.69,0.1703,0.3445,0,0,0,-57
Japan,9,2025-03-10,142281,3980,378379.04,0.02797281436031515,95.07,2.6594,95.46,0.1839,0.3628,0,0,0,-56
Japan,10,2025-03-17,130677,3733,363313.51,0.028566618456193515,97.32,2.7802,111.99,0.1851,0.3737,0,0,0,-55
Japan,11,2025-03-24,139476,4305,398473.33,0.0308655252516562,92.56,2.8569,112.4,0.1962,0.3438,0,0,0,-54
Japan,12,2025-03-31,136476,3552,340317.01,0.02602655411940561,95.81,2.4936,107.95,0.1724,0.3435,0,0,0,-53
Japan,13,2025-04-07,135092,3820,334760.15,0.028277026026707727,87.63,2.478,96.25,0.212,0.3653,0,0,0,-52
Japan,14,2025-04-14,124060,3440,305190.22,0.027728518458810254,88.72,2.46,105.41,0.1713,0.3489,0,0,0,-51
Japan,15,2025-04-21,145428,3785,319305.21,0.026026624859036774,84.36,2.1956,103.4,0.1928,0.3222,0,0,0,-50
Japan,16,2025-04-28,136413,3760,351366.95,0.02756335539867901,93.45,2.5758,106.56,0.2174,0.3258,0,0,0,-49
Japan,17,2025-05-05,124391,3410,283815.17,0.027413558858759877,83.23,2.2816,95.83,0.2326,0.3584,0,0,0,-48
Japan,18,2025-05-12,136705,4089,379411.83,0.029911122490033283,92.79,2.7754,101.94,0.1981,0.352,0,0,0,-47
Japan,19,2025-05-19,120088,3171,303333.3,0.026405635867030843,95.66,2.5259,102.21,0.18,0.3617,0,0,0,-46
Japan,20,2025-05-26,131024,3678,353982.3,0.028071193063866164,96.24,2.7017,95.58,0.1749,0.3331,0,0,0,-45
Japan,21,2025-06-02,118810,3001,287888.89,0.025258816597929466,95.93,2.4231,93.72,0.1815,0.3356,0,0,0,-44
Japan,22,2025-06-09,137047,3793,342807.25,0.02767663648237466,90.38,2.5014,106.56,0.1872,0.3379,0,0,0,-43
Japan,23,2025-06-16,128404,3124,312112.47,0.024329460141428616,99.91,2.4307,97.07,0.1902,0.348,0,0,0,-42
Japan,24,2025-06-23,121740,2978,266405.7,0.02446196812879908,89.46,2.1883,94.73,0.1761,0.3008,0,0,0,-41
Japan,25,2025-06-30,127174,3344,283759.83,0.026294682875430513,84.86,2.2313,98.24,0.1929,0.3368,0,0,0,-40
Japan,26,2025-07-07,129272,3270,308019.52,0.025295500959217773,94.2,2.3827,98.66,0.1725,0.3192,0,0,0,-39
Japan,27,2025-07-14,122824,3054,293983.74,0.024864847261121606,96.26,2.3935,94.25,0.1572,0.3102,0,0,0,-38
Japan,28,2025-07-21,124519,2854,267748.3,0.02292019691773946,93.82,2.1503,93.91,0.1592,0.3283,0,0,0,-37
Japan,29,2025-07-28,127416,3091,281684.98,0.024259119733785396,91.13,2.2108,87.96,0.1909,0.3377,0,0,0,-36
Japan,30,2025-08-04,132754,3203,286003.68,0.024127333263027857,89.29,2.1544,98.26,0.1742,0.3212,0,0,0,-35
Japan,31,2025-08-11,129111,2958,248561.75,0.022910518855868207,84.03,1.9252,94.61,0.176,0.3546,0,0,0,-34
Japan,32,2025-08-18,126963,3538,321472.3,0.027866386270015673,90.86,2.532,92.42,0.146,0.3389,0,0,0,-33
Japan,33,2025-08-25,134766,3417,331043.42,0.0253550598815725,96.88,2.4564,95.74,0.1676,0.3159,0,0,0,-32
Japan,34,2025-09-01,131271,3050,257330.46,0.023234377737657214,84.37,1.9603,79.4,0.1668,0.3206,0,0,0,-31
Japan,35,2025-09-08,132185,3002,260663.67,0.022710594999432614,86.83,1.972,92.45,0.148,0.321,0,0,0,-30
Japan,36,2025-09-15,129995,2927,262383.11,0.02251625062502404,89.64,2.0184,84.14,0.1668,0.2783,0,0,0,-29
Japan,37,2025-09-22,130504,3032,307742.96,0.023233004352357017,101.5,2.3581,89.56,0.148,0.3088,0,0,0,-28
Japan,38,2025-09-29,130569,3025,282359.64,0.023167826972711747,93.34,2.1625,87.33,0.1486,0.3141,0,0,0,-27
Japan,39,2025-10-06,131631,3091,274151.52,0.023482310398006547,88.69,2.0827,87.13,0.1636,0.313,0,0,0,-26
Japan,40,2025-10-13,131256,3044,281707.38,0.02319132077771683,92.55,2.1462,94.37,0.1476,0.3135,0,0,0,-25
Japan,41,2025-10-20,132165,3209,298932.88,0.024280255740929898,93.15,2.2618,97.94,0.1445,0.3166,0,0,0,-24
Japan,42,2025-10-27,133882,3052,280564.92,0.02279619366307644,91.93,2.0956,86.55,0.1656,0.3256,0,0,0,-23
Japan,43,2025-11-03,132934,3484,317449.3,0.026208494440850348,91.12,2.388,97.81,0.174,0.3209,0,0,0,-22
Japan,44,2025-11-10,137141,3929,366324.13,0.028649346293231053,93.24,2.6711,93.71,0.2002,0.314,0,0,0,-21
Japan,45,2025-11-17,136855,3691,328188.32,0.026970150889627707,88.92,2.3981,106.85,0.1656,0.3187,0,0,0,-20
Japan,46,2025-11-24,134389,3374,309615.94,0.025106221491342298,91.77,2.3039,99.67,0.1766,0.3124,0,0,0,-19
Japan,47,2025-12-01,137246,3668,347745.13,0.026725733354706148,94.81,2.5337,103.82,0.1711,0.3314,0,0,0,-18
Japan,48,2025-12-08,132624,4066,357032.5,0.03065810109784051,87.81,2.6921,111.97,0.1955,0.3481,0,0,0,-17
Japan,49,2025-12-15,145219,4119,367458.46,0.028364057044877048,89.21,2.5304,92.11,0.2175,0.3415,0,0,0,-16
Japan,50,2025-12-22,138847,4022,385362.8,0.02896713648836489,95.81,2.7754,103.41,0.2165,0.3294,0,0,0,-15
Japan,51,2025-12-29,140186,4182,388153.5,0.02983179490106002,92.82,2.7688,103.84,0.2262,0.3374,0,0,0,-14
Japan,52,2026-01-05,142264,3854,372720.73,0.02709047967159647,96.71,2.6199,95.89,0.173,0.3143,0,0,0,-13
Japan,53,2026-01-12,151618,4276,387475.33,0.028202456172749937,90.62,2.5556,97.78,0.1859,0.3448,0,0,0,-12
Japan,54,2026-01-19,136734,3635,348721.07,0.026584463264440448,95.93,2.5504,90.06,0.1689,0.3387,0,0,0,-11
Japan,55,2026-01-26,142441,3723,362305.82,0.026137137481483563,97.32,2.5436,101.91,0.1657,0.3012,0,0,0,-10
Japan,56,2026-02-02,136387,3811,342134.16,0.027942545843812092,89.78,2.5086,101.77,0.1872,0.3287,0,0,0,-9
Japan,57,2026-02-09,138872,4067,364811.16,0.02928596117287862,89.7,2.627,101.08,0.18,0.3289,0,0,0,-8
Japan,58,2026-02-16,137811,3348,332009.87,0.024294141977055532,99.17,2.4092,110.14,0.1948,0.349,0,0,0,-7
Japan,59,2026-02-23,137387,3758,362608.74,0.027353388602997374,96.49,2.6393,102.28,0.1893,0.3727,0,0,0,-6
Japan,60,2026-03-02,140796,4336,409667.08,0.030796329441177307,94.48,2.9096,94.87,0.201,0.3458,0,0,0,-5
Japan,61,2026-03-09,142048,4432,420495.49,0.031200720883081776,94.88,2.9602,104.53,0.1738,0.319,0,0,0,-4
Japan,62,2026-03-16,124733,3713,340535.49,0.029767583558480915,91.71,2.7301,103.92,0.179,0.347,0,0,0,-3
Japan,63,2026-03-23,142944,4162,384206.3,0.02911629729124692,92.31,2.6878,101.97,0.1972,0.3356,0,0,0,-2
Japan,64,2026-03-30,135104,4102,392745.31,0.030361795357650403,95.74,2.907,105.5,0.1783,0.3575,0,0,0,-1
Japan,65,2026-04-06,146036,4031,373429.74,0.027602782875455367,92.64,2.5571,99.84,0.1823,0.3268,0,1,0,0
Japan,66,2026-04-13,136946,3698,330328.78,0.02700334438391775,89.33,2.4121,101.14,0.2038,0.3369,0,1,0,1
Japan,67,2026-04-20,130305,3516,343668.9,0.026982847933694026,97.74,2.6374,105.05,0.2137,0.3608,0,1,0,2
Japan,68,2026-04-27,148112,3852,369045.32,0.026007345792373338,95.81,2.4917,102.27,0.1801,0.35,0,1,0,3
Japan,69,2026-05-04,131688,3401,307498.26,0.025826195249377317,90.41,2.3351,100.1,0.1773,0.3531,0,1,0,4
Japan,70,2026-05-11,137474,3495,320577.5,0.025422989074297686,91.72,2.3319,94.23,0.1628,0.3545,0,1,0,5
Japan,71,2026-05-18,134660,4031,377555.42,0.029934650230209418,93.66,2.8038,105.68,0.1917,0.3212,0,1,0,6
Japan,72,2026-05-25,140112,3721,363507.51,0.026557325568116935,97.69,2.5944,103.99,0.1656,0.3376,0,1,0,7
Japan,73,2026-06-01,138890,3946,346179.37,0.0284109727122183,87.73,2.4925,96.96,0.199,0.3405,0,1,0,8
Japan,74,2026-06-08,124997,3221,319925.63,0.025768618446842723,99.32,2.5595,91.98,0.1824,0.3504,0,1,0,9
Japan,75,2026-06-15,130892,3375,327883.57,0.025784616324909086,97.15,2.505,103.73,0.1566,0.3522,0,1,0,10
Japan,76,2026-06-22,124075,2930,274022.19,0.023614749143663107,93.52,2.2085,94.82,0.1823,0.317,0,1,0,11
Japan,77,2026-06-29,134109,3869,385151.17,0.028849667061867586,99.55,2.8719,94.76,0.17,0.3215,0,1,0,12
Japan,78,2026-07-06,140109,3210,291426.48,0.022910733785838168,90.79,2.08,94.29,0.1657,0.3253,0,1,0,13
Japan,79,2026-07-13,139818,3221,302024.49,0.023037091075541062,93.77,2.1601,99.34,0.1932,0.3362,0,1,0,14
Japan,80,2026-07-20,131673,3114,293346.03,0.023649495340730447,94.2,2.2278,90.19,0.1576,0.3467,0,1,0,15
Japan,81,2026-07-27,126563,3419,326041.59,0.027014214264832533,95.36,2.5761,86.1,0.1479,0.3338,0,1,0,16
Japan,82,2026-08-03,132782,3246,310104.72,0.02444608455965417,95.53,2.3354,86.58,0.1424,0.3282,0,1,0,17
Japan,83,2026-08-10,130683,3138,302932.92,0.02401230458437593,96.54,2.3181,95.63,0.1688,0.2954,0,1,0,18
Japan,84,2026-08-17,125939,3161,323500.44,0.02509945290974202,102.34,2.5687,87.41,0.1579,0.323,0,1,0,19
Japan,85,2026-08-24,139676,3472,317739.19,0.024857527420601964,91.51,2.2748,90.97,0.1599,0.2927,0,1,0,20
Japan,86,2026-08-31,128857,3045,283780.29,0.023630846597390905,93.2,2.2023,84.61,0.1496,0.3432,0,1,0,21
Japan,87,2026-09-07,122859,2955,262253.27,0.024051962005225504,88.75,2.1346,93.91,0.1623,0.3149,0,1,0,22
Japan,88,2026-09-14,143478,3692,341063.82,0.02573216799788121,92.38,2.3771,88.94,0.1791,0.3031,0,1,0,23
Japan,89,2026-09-21,118784,3017,282271.58,0.025399043642241378,93.56,2.3763,83.0,0.1642,0.3031,0,1,0,24
Japan,90,2026-09-28,129511,3063,282507.89,0.02365050072966775,92.23,2.1813,90.33,0.1583,0.3176,0,1,0,25
Japan,91,2026-10-05,141887,3671,364038.05,0.025872701515995123,99.17,2.5657,88.55,0.1579,0.2759,0,1,0,26
Japan,92,2026-10-12,135625,3245,327476.03,0.02392626728110599,100.92,2.4146,90.94,0.1753,0.3212,0,1,0,27
Japan,93,2026-10-19,143137,2987,266705.64,0.02086811935418515,89.29,1.8633,88.68,0.1626,0.3238,0,1,0,28
Japan,94,2026-10-26,129404,3140,295569.79,0.024265092269172513,94.13,2.2841,89.48,0.155,0.3026,0,1,0,29
Japan,95,2026-11-02,129337,3214,298962.45,0.02484981095896766,93.02,2.3115,90.0,0.1619,0.3041,0,1,0,30
Japan,96,2026-11-09,141577,3913,359791.71,0.027638670122971953,91.95,2.5413,99.87,0.1709,0.3016,0,1,0,31
Japan,97,2026-11-16,145966,4367,413132.51,0.029917926092377676,94.6,2.8303,102.01,0.1766,0.314,0,1,0,32
Japan,98,2026-11-23,147201,4588,430490.47,0.031168266519928534,93.83,2.9245,100.72,0.2137,0.3145,0,1,0,33
Japan,99,2026-11-30,154072,4343,412504.44,0.02818811984007477,94.98,2.6773,107.73,0.1922,0.2866,0,1,0,34
Japan,100,2026-12-07,144361,4019,391309.03,0.027839929066714696,97.36,2.7106,107.73,0.1754,0.3216,0,1,0,35
Japan,101,2026-12-14,134162,3555,341164.27,0.026497816073105647,95.97,2.5429,102.58,0.1964,0.3308,0,1,0,36
Japan,102,2026-12-21,139405,3682,352864.08,0.026412252071303037,95.83,2.5312,91.59,0.2004,0.3438,0,1,0,37
Japan,103,2026-12-28,148220,4407,417852.32,0.029732829577654836,94.82,2.8191,109.8,0.1872,0.3051,0,1,0,38
United Kingdom,0,2025-01-06,216037,7350,553132.27,0.034021949943759636,75.26,2.5604,96.87,0.182,0.4414,0,0,0,-65
United Kingdom,1,2025-01-13,221720,7811,569519.34,0.035229117806242105,72.91,2.5686,110.63,0.1941,0.4767,0,0,0,-64
United Kingdom,2,2025-01-20,219650,7846,590664.2,0.03572046437514227,75.28,2.6891,103.64,0.2427,0.4478,0,0,0,-63
United Kingdom,3,2025-01-27,208963,7690,549327.26,0.036800773342649175,71.43,2.6288,110.9,0.2104,0.4584,0,0,0,-62
United Kingdom,4,2025-02-03,227645,8063,630532.46,0.03541918337762744,78.2,2.7698,95.56,0.218,0.446,0,0,0,-61
United Kingdom,5,2025-02-10,215814,7590,562769.52,0.03516917345491952,74.15,2.6077,103.23,0.2113,0.4522,0,0,0,-60
United Kingdom,6,2025-02-17,230221,8556,632181.25,0.037164289964859855,73.89,2.746,110.07,0.2034,0.4674,0,0,0,-59
United Kingdom,7,2025-02-24,231617,7978,598173.83,0.0344447946394263,74.98,2.5826,101.73,0.2038,0.4818,0,0,0,-58
United Kingdom,8,2025-03-03,228555,9161,677680.24,0.040082255912143684,73.97,2.9651,113.95,0.2113,0.4516,0,0,0,-57
United Kingdom,9,2025-03-10,226896,9058,682548.23,0.039921373668993725,75.35,3.0082,104.38,0.2255,0.4959,0,0,0,-56
United Kingdom,10,2025-03-17,233238,9040,669365.27,0.03875869283735926,74.04,2.8699,111.93,0.2581,0.4637,0,0,0,-55
United Kingdom,11,2025-03-24,230927,8823,675306.68,0.03820687923023293,76.54,2.9243,105.34,0.2254,0.4559,0,0,0,-54
United Kingdom,12,2025-03-31,242013,9618,724819.11,0.039741666769966905,75.36,2.995,104.09,0.2484,0.4378,0,0,0,-53
United Kingdom,13,2025-04-07,233985,8588,640515.28,0.03670320747056435,74.58,2.7374,100.02,0.2406,0.4688,0,0,0,-52
United Kingdom,14,2025-04-14,217209,8630,634714.46,0.03973131868384828,73.55,2.9221,99.71,0.2389,0.481,0,0,0,-51
United Kingdom,15,2025-04-21,241816,9505,710268.77,0.03930674562477256,74.73,2.9372,111.1,0.2398,0.4904,0,0,0,-50
United Kingdom,16,2025-04-28,226813,8162,622614.81,0.03598559165479933,76.28,2.7451,100.87,0.2109,0.4739,0,0,0,-49
United Kingdom,17,2025-05-05,224565,8685,635942.73,0.03867477122436711,73.22,2.8319,107.11,0.2025,0.4705,0,0,0,-48
United Kingdom,18,2025-05-12,242553,9096,672333.1,0.037501082237696506,73.92,2.7719,106.85,0.2214,0.4776,0,0,0,-47
United Kingdom,19,2025-05-19,220870,9011,681841.63,0.04079775433512926,75.67,3.0871,101.76,0.2309,0.4598,0,0,0,-46
United Kingdom,20,2025-05-26,230710,8434,646367.03,0.03655671622383078,76.64,2.8016,103.31,0.2322,0.462,0,0,0,-45
United Kingdom,21,2025-06-02,235067,8534,640738.63,0.03630454296009223,75.08,2.7258,91.75,0.2344,0.474,0,0,0,-44
United Kingdom,22,2025-06-09,219885,8391,634519.49,0.03816085681151511,75.62,2.8857,97.13,0.2404,0.4329,0,0,0,-43
United Kingdom,23,2025-06-16,226987,8821,678341.61,0.038861256371510264,76.9,2.9885,107.07,0.2466,0.4613,0,0,0,-42
United Kingdom,24,2025-06-23,218810,7791,560430.44,0.03560623371875143,71.93,2.5613,102.97,0.2156,0.4577,0,0,0,-41
United Kingdom,25,2025-06-30,238391,8329,628002.17,0.03493839952011611,75.4,2.6343,88.96,0.2099,0.44,0,0,0,-40
United Kingdom,26,2025-07-07,224056,7932,614402.96,0.03540186381975934,77.46,2.7422,100.02,0.2056,0.4346,0,0,0,-39
United Kingdom,27,2025-07-14,225893,8667,636607.88,0.03836772277140062,73.45,2.8182,100.82,0.2176,0.4284,0,0,0,-38
United Kingdom,28,2025-07-21,233653,8078,625175.43,0.03457263548937955,77.39,2.6757,97.15,0.1917,0.462,0,0,0,-37
United Kingdom,29,2025-07-28,218196,7798,565445.81,0.03573851033016187,72.51,2.5915,86.44,0.206,0.4191,0,0,0,-36
United Kingdom,30,2025-08-04,233575,8281,614915.31,0.035453280530878734,74.26,2.6326,104.29,0.2097,0.4363,0,0,0,-35
United Kingdom,31,2025-08-11,234631,7929,583659.71,0.0337934884989622,73.61,2.4876,93.82,0.2166,0.433,0,0,0,-34
United Kingdom,32,2025-08-18,229784,8020,586657.03,0.03490234307001358,73.15,2.5531,92.37,0.1844,0.4451,0,0,0,-33
United Kingdom,33,2025-08-25,221593,7304,554458.25,0.03296133000591174,75.91,2.5021,82.41,0.1998,0.4242,0,0,0,-32
United Kingdom,34,2025-09-01,230899,7989,581482.28,0.0345995435233587,72.79,2.5183,95.98,0.1678,0.4518,0,0,0,-31
United Kingdom,35,2025-09-08,219377,7583,571951.24,0.03456606663415034,75.43,2.6072,92.6,0.2091,0.4523,0,0,0,-30
United Kingdom,36,2025-09-15,229631,7653,577298.39,0.033327381755947585,75.43,2.514,98.3,0.2021,0.4243,0,0,0,-29
United Kingdom,37,2025-09-22,207987,7357,554053.51,0.03537240308288499,75.31,2.6639,90.25,0.2129,0.4337,0,0,0,-28
United Kingdom,38,2025-09-29,225812,7634,544311.13,0.03380688360228863,71.3,2.4105,90.27,0.204,0.4539,0,0,0,-27
United Kingdom,39,2025-10-06,228639,7958,591660.36,0.034805960487930755,74.35,2.5877,93.84,0.2263,0.4457,0,0,0,-26
United Kingdom,40,2025-10-13,216207,7360,559406.12,0.03404145101684959,76.01,2.5874,91.06,0.2101,0.4257,0,0,0,-25
United Kingdom,41,2025-10-20,240108,8548,643064.64,0.03560064637579756,75.23,2.6782,88.14,0.2004,0.4105,0,0,0,-24
United Kingdom,42,2025-10-27,232630,8515,624834.09,0.03660318961440915,73.38,2.686,100.43,0.1839,0.4429,0,0,0,-23
United Kingdom,43,2025-11-03,237397,8764,686471.66,0.0369170629788919,78.33,2.8917,101.61,0.1877,0.4334,0,0,0,-22
United Kingdom,44,2025-11-10,239669,8582,636215.96,0.03580771814460777,74.13,2.6546,106.19,0.178,0.4448,0,0,0,-21
United Kingdom,45,2025-11-17,247669,9138,750768.08,0.03689601847627277,82.16,3.0313,100.99,0.2001,0.4283,0,0,0,-20
United Kingdom,46,2025-11-24,262334,11065,851862.16,0.04217905418283562,76.99,3.2472,114.94,0.2765,0.4644,0,0,0,-19
United Kingdom,47,2025-12-01,260688,10674,826045.92,0.040945498066654394,77.39,3.1687,106.05,0.2608,0.4342,0,0,0,-18
United Kingdom,48,2025-12-08,274669,11663,884267.61,0.04246201791975068,75.82,3.2194,117.74,0.2645,0.4212,0,0,0,-17
United Kingdom,49,2025-12-15,251048,10442,777963.9,0.04159363946336955,74.5,3.0989,114.68,0.258,0.4636,0,0,0,-16
United Kingdom,50,2025-12-22,257456,12096,944543.89,0.04698278540799204,78.09,3.6688,113.92,0.2788,0.4457,0,0,0,-15
United Kingdom,51,2025-12-29,254827,11022,844411.74,0.043252873518112286,76.61,3.3137,106.26,0.2443,0.4157,0,0,0,-14
United Kingdom,52,2026-01-05,236766,9914,799216.01,0.04187256616237128,80.61,3.3756,107.16,0.2242,0.4503,0,0,0,-13
United Kingdom,53,2026-01-12,244196,9501,720249.94,0.0389072712083736,75.81,2.9495,103.09,0.2125,0.433,0,0,0,-12
United Kingdom,54,2026-01-19,225069,8706,650731.5,0.03868147101555523,74.75,2.8913,100.84,0.2172,0.4653,0,0,0,-11
United Kingdom,55,2026-01-26,238862,8938,686354.12,0.03741909554470782,76.79,2.8734,99.99,0.2089,0.4391,0,0,0,-10
United Kingdom,56,2026-02-02,245686,9482,681514.36,0.03859397767882582,71.87,2.7739,96.37,0.2098,0.4493,0,0,0,-9
United Kingdom,57,2026-02-09,246040,9823,721418.11,0.03992440253617298,73.44,2.9321,102.44,0.2141,0.4623,0,0,0,-8
United Kingdom,58,2026-02-16,235684,9492,764284.1,0.04027426554199691,80.52,3.2428,113.28,0.2435,0.4573,0,0,0,-7
United Kingdom,59,2026-02-23,251313,10168,775147.08,0.040459506670964096,76.23,3.0844,104.42,0.1879,0.4667,0,0,0,-6
United Kingdom,60,2026-03-02,258068,10408,848684.71,0.04033045553885022,81.54,3.2886,109.18,0.2191,0.4606,0,0,0,-5
United Kingdom,61,2026-03-09,248616,10554,830947.75,0.04245100878463172,78.73,3.3423,109.47,0.2491,0.4464,0,0,0,-4
United Kingdom,62,2026-03-16,257428,11522,888723.24,0.04475814596702767,77.13,3.4523,110.56,0.2391,0.4896,0,0,0,-3
United Kingdom,63,2026-03-23,245886,11086,934319.37,0.04508593413207747,84.28,3.7998,116.38,0.21,0.4685,0,0,0,-2
United Kingdom,64,2026-03-30,264636,10956,877060.37,0.041400263002766065,80.05,3.3142,107.84,0.2114,0.4721,0,0,0,-1
United Kingdom,65,2026-04-06,244045,10040,736939.65,0.041139953697064066,73.4,3.0197,104.8,0.2259,0.4782,0,1,0,0
United Kingdom,66,2026-04-13,261797,11693,918578.07,0.04466437736108512,78.56,3.5087,110.95,0.2299,0.4577,0,1,0,1
United Kingdom,67,2026-04-20,247138,10381,794311.71,0.042004871772046384,76.52,3.214,109.35,0.2316,0.4698,0,1,0,2
United Kingdom,68,2026-04-27,244946,11210,863968.82,0.045765189062078986,77.07,3.5272,114.09,0.2249,0.4754,0,1,0,3
United Kingdom,69,2026-05-04,251513,11008,840553.86,0.04376712138139977,76.36,3.342,109.32,0.2425,0.455,0,1,0,4
United Kingdom,70,2026-05-11,245615,10664,841013.05,0.04341754371679254,78.86,3.4241,110.32,0.2339,0.4573,0,1,0,5
United Kingdom,71,2026-05-18,252005,10836,872293.72,0.04299914684232456,80.5,3.4614,102.07,0.2312,0.4538,0,1,0,6
United Kingdom,72,2026-05-25,250001,10806,801188.76,0.04322382710469158,74.14,3.2047,111.62,0.2256,0.4765,0,1,0,7
United Kingdom,73,2026-06-01,248550,10511,808174.63,0.04228927781130557,76.89,3.2516,106.56,0.2095,0.4654,0,1,0,8
United Kingdom,74,2026-06-08,253088,10544,823599.5,0.04166139840687824,78.11,3.2542,106.97,0.2165,0.4678,0,1,0,9
United Kingdom,75,2026-06-15,260710,9979,770737.37,0.03827624563691458,77.24,2.9563,107.78,0.2253,0.46,0,1,0,10
United Kingdom,76,2026-06-22,238851,10218,776584.24,0.042779808332391325,76.0,3.2513,100.84,0.2233,0.457,0,1,0,11
United Kingdom,77,2026-06-29,246889,10514,828360.3,0.04258593943027028,78.79,3.3552,108.38,0.2136,0.4416,0,1,0,12
United Kingdom,78,2026-07-06,256055,10456,832885.95,0.04083497686044014,79.66,3.2528,96.3,0.2341,0.4659,0,1,0,13
United Kingdom,79,2026-07-13,250117,10222,816702.13,0.04086887336726412,79.9,3.2653,103.6,0.1898,0.4447,0,1,0,14
United Kingdom,80,2026-07-20,236736,8947,696119.3,0.03779315355501487,77.8,2.9405,94.1,0.2181,0.4361,0,1,0,15
United Kingdom,81,2026-07-27,258871,10127,772629.27,0.03911987051465788,76.29,2.9846,101.87,0.2101,0.4541,0,1,0,16
United Kingdom,82,2026-08-03,251716,10344,797271.48,0.04109393125585978,77.08,3.1673,99.68,0.2162,0.4446,0,1,0,17
United Kingdom,83,2026-08-10,244565,9573,727464.11,0.03914296812708278,75.99,2.9745,98.65,0.1915,0.4419,0,1,0,18
United Kingdom,84,2026-08-17,242756,9913,735577.9,0.04083524197136219,74.2,3.0301,92.86,0.1809,0.4471,0,1,0,19
United Kingdom,85,2026-08-24,248524,8796,657037.76,0.035392960036052856,74.7,2.6438,93.17,0.224,0.4313,0,1,0,20
United Kingdom,86,2026-08-31,233010,9127,703243.13,0.03916999270417579,77.05,3.0181,91.0,0.2178,0.4274,0,1,0,21
United Kingdom,87,2026-09-07,249361,9461,703252.93,0.037940977137563614,74.33,2.8202,94.41,0.1912,0.4312,0,1,0,22
United Kingdom,88,2026-09-14,233683,8719,630687.99,0.037311229314926635,72.33,2.6989,88.21,0.1838,0.4275,0,1,0,23
United Kingdom,89,2026-09-21,237688,8951,683552.33,0.03765861128874828,76.37,2.8758,83.5,0.1778,0.4112,0,1,0,24
United Kingdom,90,2026-09-28,247235,9217,694395.04,0.03728032034299351,75.34,2.8086,91.01,0.189,0.4243,0,1,0,25
United Kingdom,91,2026-10-05,238625,8191,609309.38,0.034325825039287584,74.39,2.5534,91.92,0.1628,0.4621,0,1,0,26
United Kingdom,92,2026-10-12,251224,9341,706321.33,0.03718195713785307,75.62,2.8115,90.39,0.204,0.4373,0,1,0,27
United Kingdom,93,2026-10-19,255960,9720,739173.82,0.0379746835443038,76.05,2.8878,85.93,0.2024,0.4392,0,1,0,28
United Kingdom,94,2026-10-26,250842,9893,768324.38,0.0394391688792148,77.66,3.063,100.57,0.1964,0.4486,0,1,0,29
United Kingdom,95,2026-11-02,237184,10091,854658.85,0.04254502833243389,84.7,3.6034,100.67,0.1887,0.4387,0,1,0,30
United Kingdom,96,2026-11-09,253217,9859,740074.57,0.038934984617936395,75.07,2.9227,92.17,0.1746,0.4336,0,1,0,31
United Kingdom,97,2026-11-16,270926,11911,895923.68,0.04396403445959413,75.22,3.3069,105.7,0.2598,0.4384,0,1,0,32
United Kingdom,98,2026-11-23,258007,11023,840299.65,0.04272364703283244,76.23,3.2569,95.91,0.2516,0.4578,0,1,0,33
United Kingdom,99,2026-11-30,268428,12826,1017147.34,0.04778190054688781,79.3,3.7893,98.55,0.2611,0.4407,0,1,0,34
United Kingdom,100,2026-12-07,269189,12904,1020403.19,0.047936579875106335,79.08,3.7907,109.82,0.2681,0.4456,0,1,0,35
United Kingdom,101,2026-12-14,277091,13521,1134369.23,0.04879624383325334,83.9,4.0939,105.13,0.2454,0.4444,0,1,0,36
United Kingdom,102,2026-12-21,281368,13757,1081392.53,0.048893264337095906,78.61,3.8433,122.0,0.2515,0.4546,0,1,0,37
United Kingdom,103,2026-12-28,270949,12343,995978.65,0.04555469848569288,80.69,3.6759,108.54,0.2203,0.4265,0,1,0,38
United States,0,2025-01-06,403635,12749,1002692.37,0.031585467068019374,78.65,2.4842,101.35,0.1826,0.4244,1,0,0,-65
United States,1,2025-01-13,389546,13037,1008615.49,0.0334671643400266,77.37,2.5892,94.73,0.2252,0.4242,1,0,0,-64
United States,2,2025-01-20,389471,12746,1013791.38,0.03272644176331486,79.54,2.603,101.55,0.1941,0.4116,1,0,0,-63
United States,3,2025-01-27,406108,13162,1031051.55,0.03241009780649482,78.34,2.5389,100.21,0.2022,0.4033,1,0,0,-62
United States,4,2025-02-03,411190,13738,1074037.6,0.0334103455823342,78.18,2.612,105.64,0.2253,0.4331,1,0,0,-61
United States,5,2025-02-10,404651,12639,983084.92,0.031234322910359793,77.78,2.4295,101.61,0.1824,0.4508,1,0,0,-60
United States,6,2025-02-17,407864,12726,1037274.62,0.031201576996253654,81.51,2.5432,101.5,0.2152,0.4424,1,0,0,-59
United States,7,2025-02-24,419065,14568,1161453.51,0.03476310357581759,79.73,2.7715,108.97,0.2036,0.4361,1,0,0,-58
United States,8,2025-03-03,413133,15018,1171212.7,0.036351489713966206,77.99,2.835,98.15,0.1636,0.4492,1,0,0,-57
United States,9,2025-03-10,413440,15506,1238785.2,0.03750483746130031,79.89,2.9963,107.73,0.2304,0.4429,1,0,0,-56
United States,10,2025-03-17,417082,14872,1200190.55,0.03565725684637553,80.7,2.8776,107.58,0.2174,0.4413,1,0,0,-55
United States,11,2025-03-24,429654,15372,1213027.5,0.035777625717437755,78.91,2.8233,111.41,0.2487,0.456,1,0,0,-54
United States,12,2025-03-31,421040,14696,1148574.55,0.034904047121413644,78.16,2.7279,116.19,0.2369,0.4053,1,0,0,-53
United States,13,2025-04-07,427603,15717,1246420.0,0.03675605643552548,79.3,2.9149,107.23,0.2167,0.3928,1,0,0,-52
United States,14,2025-04-14,429368,14302,1129595.2,0.03330942222056604,78.98,2.6308,115.93,0.223,0.4388,1,0,0,-51
United States,15,2025-04-21,429925,16196,1295827.87,0.037671686922137584,80.01,3.0141,118.33,0.2443,0.4049,1,0,0,-50
United States,16,2025-04-28,417864,14294,1143316.55,0.03420730189726801,79.99,2.7361,108.87,0.2141,0.4334,1,0,0,-49
United States,17,2025-05-05,427910,15309,1205528.18,0.03577621462457059,78.75,2.8172,108.43,0.2087,0.4354,1,0,0,-48
United States,18,2025-05-12,418200,14972,1179073.88,0.035801052128168344,78.75,2.8194,102.59,0.2099,0.4597,1,0,0,-47
United States,19,2025-05-19,418525,14412,1143321.27,0.03443521892360074,79.33,2.7318,105.83,0.2232,0.4238,1,0,0,-46
United States,20,2025-05-26,406850,14469,1203204.76,0.03556347548236451,83.16,2.9574,102.39,0.2172,0.4161,1,0,0,-45
United States,21,2025-06-02,411259,13720,1083320.46,0.033360972039517676,78.96,2.6342,101.84,0.2388,0.4466,1,0,0,-44
United States,22,2025-06-09,418545,13063,1011430.92,0.0312105030522405,77.43,2.4165,96.97,0.2339,0.4282,1,0,0,-43
United States,23,2025-06-16,423511,13674,1085889.52,0.032287236931272154,79.41,2.564,102.81,0.2009,0.4254,1,0,0,-42
United States,24,2025-06-23,416518,14286,1148385.11,0.03429863775395061,80.39,2.7571,96.81,0.2056,0.4163,1,0,0,-41
United States,25,2025-06-30,408278,13455,1046414.13,0.032955486212825576,77.77,2.563,101.47,0.1937,0.4222,1,0,0,-40
United States,26,2025-07-07,426055,14892,1176528.42,0.034953233737428265,79.0,2.7614,109.8,0.1923,0.4315,1,0,0,-39
United States,27,2025-07-14,413390,12467,969294.1,0.030157962214857642,77.75,2.3447,94.85,0.177,0.4331,1,0,0,-38
United States,28,2025-07-21,409229,12946,1021597.13,0.03163509917430094,78.91,2.4964,94.59,0.1981,0.4196,1,0,0,-37
United States,29,2025-07-28,416788,13166,1023200.13,0.031589201224603396,77.72,2.455,105.9,0.1953,0.4101,1,0,0,-36
United States,30,2025-08-04,398981,12474,966872.72,0.03126464668743625,77.51,2.4234,91.84,0.2288,0.3983,1,0,0,-35
United States,31,2025-08-11,410348,13117,1045634.96,0.031965551190696675,79.72,2.5482,96.29,0.1954,0.4136,1,0,0,-34
United States,32,2025-08-18,411287,13132,1041760.1,0.0319290422503021,79.33,2.5329,97.43,0.1781,0.4413,1,0,0,-33
United States,33,2025-08-25,396994,11953,898716.07,0.03010876738691265,75.19,2.2638,90.0,0.2043,0.4102,1,0,0,-32
United States,34,2025-09-01,403081,14342,1105722.22,0.03558093782639221,77.1,2.7432,97.65,0.2133,0.4015,1,0,0,-31
United States,35,2025-09-08,397534,12782,998137.13,0.032153224629842984,78.09,2.5108,87.33,0.2085,0.4227,1,0,0,-30
United States,36,2025-09-15,399963,12837,1003275.86,0.032095468830866856,78.16,2.5084,95.34,0.1863,0.396,1,0,0,-29
United States,37,2025-09-22,403228,11288,894598.81,0.027994087712162847,79.25,2.2186,90.25,0.1898,0.4113,1,0,0,-28
United States,38,2025-09-29,404729,12408,969388.21,0.030657551102095476,78.13,2.3952,93.49,0.1791,0.3753,1,0,0,-27
United States,39,2025-10-06,412722,12332,966569.83,0.029879676876929266,78.38,2.3419,91.27,0.1787,0.4007,1,0,0,-26
United States,40,2025-10-13,400935,12681,988812.15,0.03162856822178159,77.98,2.4663,86.81,0.1711,0.3906,1,0,0,-25
United States,41,2025-10-20,415375,12915,995624.92,0.031092386397833283,77.09,2.3969,96.71,0.2007,0.4234,1,0,0,-24
United States,42,2025-10-27,403680,12621,970665.1,0.03126486325802616,76.91,2.4045,100.8,0.2092,0.3927,1,0,0,-23
United States,43,2025-11-03,410744,12920,1045387.34,0.031455115595115206,80.91,2.5451,90.11,0.1741,0.3882,1,0,0,-22
United States,44,2025-11-10,429236,12564,996948.42,0.029270611039148627,79.35,2.3226,101.0,0.2075,0.4153,1,0,0,-21
United States,45,2025-11-17,432448,15249,1184346.7,0.03526204306644961,77.67,2.7387,100.15,0.1999,0.4041,1,0,0,-20
United States,46,2025-11-24,455211,14985,1184678.62,0.03291880029261156,79.06,2.6025,106.82,0.2106,0.4247,1,0,0,-19
United States,47,2025-12-01,466088,17036,1353927.92,0.03655103757230394,79.47,2.9049,101.62,0.2478,0.413,1,0,0,-18
United States,48,2025-12-08,470328,16833,1343678.53,0.035789916824003676,79.82,2.8569,119.14,0.2533,0.4225,1,0,0,-17
United States,49,2025-12-15,477318,18119,1433694.74,0.03796001826874327,79.13,3.0036,110.17,0.2435,0.4015,1,0,0,-16
United States,50,2025-12-22,450041,16420,1318172.67,0.03648556464855424,80.28,2.929,110.3,0.2228,0.4368,1,0,0,-15
United States,51,2025-12-29,456822,16117,1326414.93,0.035280700141411755,82.3,2.9036,106.6,0.2137,0.4007,1,0,0,-14
United States,52,2026-01-05,427696,14165,1134789.55,0.03311931839437358,80.11,2.6533,100.46,0.1934,0.4362,1,0,0,-13
United States,53,2026-01-12,425059,14972,1187303.06,0.03522334546498251,79.3,2.7933,103.89,0.1956,0.4142,1,0,0,-12
United States,54,2026-01-19,419976,14573,1157397.76,0.03469960188201231,79.42,2.7559,98.84,0.1873,0.432,1,0,0,-11
United States,55,2026-01-26,446081,16350,1297617.22,0.03665253619858277,79.36,2.9089,109.82,0.2255,0.4117,1,0,0,-10
United States,56,2026-02-02,432053,14815,1205371.01,0.034289774634130535,81.36,2.7899,103.2,0.2098,0.4367,1,0,0,-9
United States,57,2026-02-09,458757,15592,1212451.23,0.033987492288946,77.76,2.6429,116.34,0.1941,0.4311,1,0,0,-8
United States,58,2026-02-16,442398,15962,1264517.41,0.03608063327591897,79.22,2.8583,110.03,0.2398,0.409,1,0,0,-7
United States,59,2026-02-23,448029,16985,1363903.34,0.03791049240116153,80.3,3.0442,107.34,0.253,0.4288,1,0,0,-6
United States,60,2026-03-02,430679,15185,1258245.74,0.03525827820720304,82.86,2.9215,100.18,0.2057,0.4562,1,0,0,-5
United States,61,2026-03-09,446549,16403,1314512.3,0.03673281095691626,80.14,2.9437,110.05,0.2305,0.4358,1,0,0,-4
United States,62,2026-03-16,443505,16878,1367468.49,0.03805594074474922,81.02,3.0833,110.13,0.2345,0.4155,1,0,0,-3
United States,63,2026-03-23,445371,16138,1270752.03,0.03623495916887269,78.74,2.8532,104.5,0.2561,0.4509,1,0,0,-2
United States,64,2026-03-30,452588,17478,1360164.01,0.03861790414239882,77.82,3.0053,126.85,0.2772,0.4845,1,0,0,-1
United States,65,2026-04-06,473273,19969,1565491.69,0.04219340634263945,78.4,3.3078,133.86,0.3112,0.5028,1,1,1,0
United States,66,2026-04-13,455069,19378,1538504.18,0.04258255341497663,79.39,3.3808,136.13,0.306,0.5018,1,1,1,1
United States,67,2026-04-20,455532,20073,1581198.57,0.044064961407760596,78.77,3.4711,128.87,0.2947,0.5076,1,1,1,2
United States,68,2026-04-27,458384,18548,1481732.22,0.04046389053719152,79.89,3.2325,119.17,0.2877,0.5018,1,1,1,3
United States,69,2026-05-04,454052,20017,1567196.7,0.044085258957123855,78.29,3.4516,130.65,0.2813,0.4841,1,1,1,4
United States,70,2026-05-11,466639,19777,1574367.04,0.04238179834947357,79.61,3.3738,118.47,0.2771,0.4436,1,1,1,5
United States,71,2026-05-18,449327,19101,1516713.9,0.04251024309689825,79.4,3.3755,115.87,0.2556,0.4371,1,1,1,6
United States,72,2026-05-25,457270,17661,1431026.56,0.0386226955627966,81.03,3.1295,114.92,0.2382,0.4358,1,1,1,7
United States,73,2026-06-01,442924,17726,1386101.56,0.040020409822001064,78.2,3.1294,113.09,0.2464,0.4487,1,1,1,8
United States,74,2026-06-08,452070,17111,1356635.77,0.03785033291304444,79.28,3.0009,116.05,0.2822,0.4424,1,1,1,9
United States,75,2026-06-15,451836,18166,1454291.46,0.040204853088288674,80.06,3.2186,104.42,0.2359,0.4304,1,1,1,10
United States,76,2026-06-22,438781,16415,1306532.47,0.03741046216677568,79.59,2.9776,106.15,0.2348,0.4425,1,1,1,11
United States,77,2026-06-29,438574,16553,1318648.02,0.03774277544952505,79.66,3.0067,109.92,0.2199,0.4296,1,1,1,12
United States,78,2026-07-06,454088,17112,1389952.17,0.037684325505188423,81.23,3.061,93.79,0.2044,0.4202,1,1,1,13
United States,79,2026-07-13,438107,15885,1285098.04,0.03625826567482373,80.9,2.9333,95.52,0.1797,0.4233,1,1,1,14
United States,80,2026-07-20,439571,15544,1235376.11,0.03536175043394582,79.48,2.8104,97.87,0.2079,0.4118,1,1,1,15
United States,81,2026-07-27,427541,15853,1275615.41,0.037079484774559635,80.47,2.9836,99.12,0.203,0.424,1,1,1,16
United States,82,2026-08-03,421175,14924,1193704.21,0.03543420193506262,79.99,2.8342,92.66,0.185,0.4109,1,1,1,17
United States,83,2026-08-10,438529,15155,1195816.92,0.03455871789550976,78.91,2.7269,93.59,0.1756,0.4358,1,1,1,18
United States,84,2026-08-17,444140,14777,1162662.97,0.03327104066285406,78.68,2.6178,100.54,0.181,0.404,1,1,1,19
United States,85,2026-08-24,423047,14834,1173101.57,0.0350646618460833,79.08,2.773,94.83,0.1732,0.3846,1,1,1,20
United States,86,2026-08-31,417608,14739,1172847.24,0.03529386410222026,79.57,2.8085,91.98,0.2021,0.4059,1,1,1,21
United States,87,2026-09-07,427221,14253,1131795.55,0.03336212405289066,79.41,2.6492,89.98,0.1816,0.364,1,1,1,22
United States,88,2026-09-14,425352,14770,1136835.45,0.03472418138388911,76.97,2.6727,96.64,0.1963,0.4135,1,1,1,23
United States,89,2026-09-21,429419,15267,1180667.83,0.03555268863278057,77.33,2.7495,98.61,0.193,0.4179,1,1,1,24
United States,90,2026-09-28,417819,14966,1196293.16,0.03581933803872012,79.93,2.8632,93.69,0.1833,0.4191,1,1,1,25
United States,91,2026-10-05,421601,14111,1113332.26,0.03347003446386512,78.9,2.6407,88.49,0.1726,0.3975,1,1,1,26
United States,92,2026-10-12,424353,14857,1186750.46,0.03501094607555502,79.88,2.7966,93.07,0.1923,0.3819,1,1,1,27
United States,93,2026-10-19,436465,15370,1191506.14,0.03521473657681601,77.52,2.7299,94.63,0.1765,0.3745,1,1,1,28
United States,94,2026-10-26,438974,14365,1138820.05,0.032724033769653785,79.28,2.5943,97.01,0.1646,0.4139,1,1,1,29
United States,95,2026-11-02,439894,15920,1266882.12,0.036190536811140865,79.58,2.88,103.8,0.2011,0.4179,1,1,1,30
United States,96,2026-11-09,453832,16821,1342027.34,0.03706437624495408,79.78,2.9571,94.14,0.204,0.4029,1,1,1,31
United States,97,2026-11-16,471239,18800,1515496.23,0.039894830436360315,80.61,3.216,102.57,0.1892,0.3852,1,1,1,32
United States,98,2026-11-23,472068,18352,1478260.6,0.038875755187811924,80.55,3.1315,112.83,0.2265,0.4305,1,1,1,33
United States,99,2026-11-30,481942,20179,1588089.52,0.04187018354905777,78.7,3.2952,112.89,0.2374,0.3903,1,1,1,34
United States,100,2026-12-07,497549,19573,1585743.79,0.039338838988722716,81.02,3.1871,122.44,0.2342,0.4067,1,1,1,35
United States,101,2026-12-14,487341,18998,1567782.23,0.03898297085613564,82.52,3.217,100.95,0.2373,0.422,1,1,1,36
United States,102,2026-12-21,476957,20285,1625223.71,0.042530039395584925,80.12,3.4075,110.7,0.2325,0.4271,1,1,1,37
United States,103,2026-12-28,474415,20066,1568252.95,0.042296301761116324,78.15,3.3057,117.11,0.2372,0.3984,1,1,1,38
